t.rel.noun,noise_condition,target_looking,age_code,ci_lower,ci_upper,mean
0,clear,center,adults,0.7593957957325496,0.9317796085535005,0.8450489347883512
0,clear,center,children,0.5990136787402413,0.70268931372447,0.652821830946831
0,clear,distracter,adults,0.0308994014318742,0.11451909222393072,0.0671418542389147
0,clear,distracter,children,0.12072768738784365,0.194577448014948,0.15690206783956784
0,clear,target,adults,0.041810370917153165,0.13950716346048986,0.08780921097273417
0,clear,target,children,0.150957507480945,0.22764137699684572,0.19027610121360122
0,noise,center,adults,0.8658822850260794,0.9628400735294118,0.9184490606587462
0,noise,center,children,0.7192951928390758,0.8024201153456473,0.7608191453936135
0,noise,distracter,adults,0.016666666666666666,0.07137134164010431,0.04074131089217296
0,noise,distracter,children,0.11032587093757307,0.16845708369644538,0.1380103938614577
0,noise,target,adults,0.01764705882352941,0.06743720117357288,0.04080962844908078
0,noise,target,children,0.0767516171771491,0.1267050259138025,0.10117046074492883
0.03333333333333333,clear,NA,adults,NA,NA,NaN
0.03333333333333333,clear,NA,children,NA,NA,NaN
0.03333333333333333,noise,NA,adults,NA,NA,NaN
0.03333333333333333,noise,NA,children,NA,NA,NaN
0.06666666666666667,clear,NA,adults,NA,NA,NaN
0.06666666666666667,clear,NA,children,NA,NA,NaN
0.06666666666666667,noise,NA,adults,NA,NA,NaN
0.06666666666666667,noise,NA,children,NA,NA,NaN
0.1,clear,center,adults,0.7393522220404163,0.916483408122704,0.8337437966758535
0.1,clear,center,children,0.5801430528383653,0.6926377030087968,0.6351162148037148
0.1,clear,distracter,adults,0.03576442214816962,0.11302497576103254,0.0706410251916288
0.1,clear,distracter,children,0.11848896618427868,0.1977526213659026,0.15940376174751175
0.1,clear,target,adults,0.044202299697687755,0.16470055194470187,0.09561517813251766
0.1,clear,target,children,0.17118119221634848,0.24552788935601436,0.20548002344877345
0.1,noise,center,adults,0.8672679404423059,0.9591914235452244,0.9179415717900063
0.1,noise,center,children,0.6745273897202089,0.7627075052606967,0.7206170602447198
0.1,noise,distracter,adults,0.015027044083762538,0.06433181135357367,0.03621455302551128
0.1,noise,distracter,children,0.11675154411191646,0.180854619671109,0.14917192736341672
0.1,noise,target,adults,0.02174433281377067,0.07530232523116773,0.045843875184482394
0.1,noise,target,children,0.10252912867274569,0.16251673193827448,0.13021101239186345
0.13333333333333333,clear,NA,adults,NA,NA,NaN
0.13333333333333333,clear,NA,children,NA,NA,NaN
0.13333333333333333,noise,NA,adults,NA,NA,NaN
0.13333333333333333,noise,NA,children,NA,NA,NaN
0.16666666666666666,clear,NA,adults,NA,NA,NaN
0.16666666666666666,clear,NA,children,NA,NA,NaN
0.16666666666666666,noise,NA,adults,NA,NA,NaN
0.16666666666666666,noise,NA,children,NA,NA,NaN
0.2,clear,center,adults,0.7131207587536812,0.9011550197312175,0.8132206502220979
0.2,clear,center,children,0.5372540957306583,0.659152519211113,0.5979171580734081
0.2,clear,distracter,adults,0.04382564135220274,0.12496492635569245,0.08035761996678538
0.2,clear,distracter,children,0.14246862295690424,0.21899415471681094,0.17976150007400007
0.2,clear,target,adults,0.05900886192213259,0.16587066089751978,0.10642172981111671
0.2,clear,target,children,0.1827619356916232,0.2625473925669238,0.22232134185259186
0.2,noise,center,adults,0.867438205818928,0.9586675719691059,0.9161863663065979
0.2,noise,center,children,0.6671480779858439,0.7618615294280189,0.7131746799299991
0.2,noise,distracter,adults,0.011498799571167562,0.05137480231407614,0.029358731385084196
0.2,noise,distracter,children,0.11444949996811701,0.17558807327424347,0.14548598564556012
0.2,noise,target,adults,0.028107685769717318,0.08830784011805709,0.05445490230831787
0.2,noise,target,children,0.11385212084015275,0.17338452770633622,0.1413393344244408
0.23333333333333334,clear,NA,adults,NA,NA,NaN
0.23333333333333334,clear,NA,children,NA,NA,NaN
0.23333333333333334,noise,NA,adults,NA,NA,NaN
0.23333333333333334,noise,NA,children,NA,NA,NaN
0.26666666666666666,clear,NA,adults,NA,NA,NaN
0.26666666666666666,clear,NA,children,NA,NA,NaN
0.26666666666666666,noise,NA,adults,NA,NA,NaN
0.26666666666666666,noise,NA,children,NA,NA,NaN
0.3,clear,center,adults,0.6632124095885965,0.8456959442086043,0.7602427798339514
0.3,clear,center,children,0.5134470022165335,0.625880676036926,0.5665855556480557
0.3,clear,distracter,adults,0.04398569670730732,0.11602537092565839,0.07765704290662578
0.3,clear,distracter,children,0.15523375496031747,0.23478414019429641,0.19659752862877863
0.3,clear,target,adults,0.10593260633266789,0.2248419168969842,0.16210017725942283
0.3,clear,target,children,0.20179122815841566,0.27568058894230774,0.2368169157231657
0.3,noise,center,adults,0.8326808496271145,0.9400483772137886,0.8929852029799684
0.3,noise,center,children,0.6481575007439369,0.7447089280400451,0.695829967904436
0.3,noise,distracter,adults,0.010941206119544595,0.053320883936166186,0.030600205877679212
0.3,noise,distracter,children,0.11301820741315423,0.18341690003259148,0.14496089017365613
0.3,noise,target,adults,0.045817457023131836,0.11044356153195428,0.07641459114235238
0.3,noise,target,children,0.12431995752474476,0.19785283200841708,0.15920914192190788
0.3333333333333333,clear,NA,adults,NA,NA,NaN
0.3333333333333333,clear,NA,children,NA,NA,NaN
0.3333333333333333,noise,NA,adults,NA,NA,NaN
0.3333333333333333,noise,NA,children,NA,NA,NaN
0.36666666666666664,clear,NA,adults,NA,NA,NaN
0.36666666666666664,clear,NA,children,NA,NA,NaN
0.36666666666666664,noise,NA,adults,NA,NA,NaN
0.36666666666666664,noise,NA,children,NA,NA,NaN
0.4,clear,center,adults,0.5682745063210961,0.7485127747792023,0.6705033424339188
0.4,clear,center,children,0.4232731526286214,0.5458941210699022,0.48456364237614236
0.4,clear,distracter,adults,0.04844892492217645,0.11035157586768343,0.07673372536316657
0.4,clear,distracter,children,0.17883002703315204,0.25377839463776963,0.2143796307858808
0.4,clear,target,adults,0.1868385385808084,0.31852160003429797,0.2527629322029145
0.4,clear,target,children,0.25892891974923227,0.33927189058048435,0.30105672683797685
0.4,noise,center,adults,0.7651492701726283,0.8797101869042946,0.8248271365770384
0.4,noise,center,children,0.5691167099744228,0.7022058349451966,0.6348872758447226
0.4,noise,distracter,adults,0.017868011969055613,0.05589369936870529,0.034650956122730316
0.4,noise,distracter,children,0.12168470270863888,0.20516952019611595,0.160477022977023
0.4,noise,target,adults,0.1003931972309878,0.18581977362929236,0.14052190730023126
0.4,noise,target,children,0.16473093174555942,0.24715367079728778,0.20463570117825436
0.43333333333333335,clear,NA,adults,NA,NA,NaN
0.43333333333333335,clear,NA,children,NA,NA,NaN
0.43333333333333335,noise,NA,adults,NA,NA,NaN
0.43333333333333335,noise,NA,children,NA,NA,NaN
0.4666666666666667,clear,NA,adults,NA,NA,NaN
0.4666666666666667,clear,NA,children,NA,NA,NaN
0.4666666666666667,noise,NA,adults,NA,NA,NaN
0.4666666666666667,noise,NA,children,NA,NA,NaN
0.5,clear,center,adults,0.45441932454104067,0.6026401711179323,0.5307392612930629
0.5,clear,center,children,0.33155057615995115,0.462689259525197,0.39343156843156846
0.5,clear,distracter,adults,0.05340186073775888,0.11042815263191355,0.07992192933332598
0.5,clear,distracter,children,0.2005039036484349,0.28450110364172865,0.2395191903004403
0.5,clear,target,adults,0.321860882238295,0.4576374848941078,0.3893388093736111
0.5,clear,target,children,0.3108539781977282,0.4161546107249232,0.36704924126799127
0.5,noise,center,adults,0.6229178279809138,0.7483264435617591,0.6809012529909523
0.5,noise,center,children,0.4445373797301989,0.5861608094919265,0.5170605104115742
0.5,noise,distracter,adults,0.020393219675863182,0.06136375686175709,0.03943380360948083
0.5,noise,distracter,children,0.14901560540523306,0.2288654497098646,0.19097391969732394
0.5,noise,target,adults,0.2281382483706502,0.33034611896546934,0.2796649433995668
0.5,noise,target,children,0.2407224291665781,0.33898063594207206,0.2919655698911018
0.5333333333333333,clear,NA,adults,NA,NA,NaN
0.5333333333333333,clear,NA,children,NA,NA,NaN
0.5333333333333333,noise,NA,adults,NA,NA,NaN
0.5333333333333333,noise,NA,children,NA,NA,NaN
0.5666666666666667,clear,NA,adults,NA,NA,NaN
0.5666666666666667,clear,NA,children,NA,NA,NaN
0.5666666666666667,noise,NA,adults,NA,NA,NaN
0.5666666666666667,noise,NA,children,NA,NA,NaN
0.6,clear,center,adults,0.2906555834890028,0.42560141215314107,0.36156354832343607
0.6,clear,center,children,0.25804560745967,0.381130275251369,0.31803948366448365
0.6,clear,distracter,adults,0.04843428306436335,0.09236976269513442,0.06825786787801985
0.6,clear,distracter,children,0.18618761302355052,0.2703143333807396,0.22642314282939283
0.6,clear,target,adults,0.49490040342651076,0.6366735029810024,0.570178583798544
0.6,clear,target,children,0.399131242021867,0.5097745772745772,0.4555373735061235
0.6,noise,center,adults,0.41987863327106895,0.5602256744804602,0.4900088801053908
0.6,noise,center,children,0.3729932213176894,0.5101215296228594,0.43868835065643574
0.6,noise,distracter,adults,0.022816318579257845,0.06267388571944495,0.04093231230004222
0.6,noise,distracter,children,0.1689272186147186,0.24198778615002015,0.20479786171275532
0.6,noise,target,adults,0.4057393445401183,0.5402195299055065,0.469058807594567
0.6,noise,target,children,0.2967116947768544,0.4161083088011279,0.35651378763080893
0.6333333333333333,clear,NA,adults,NA,NA,NaN
0.6333333333333333,clear,NA,children,NA,NA,NaN
0.6333333333333333,noise,NA,adults,NA,NA,NaN
0.6333333333333333,noise,NA,children,NA,NA,NaN
0.6666666666666666,clear,NA,adults,NA,NA,NaN
0.6666666666666666,clear,NA,children,NA,NA,NaN
0.6666666666666666,noise,NA,adults,NA,NA,NaN
0.6666666666666666,noise,NA,children,NA,NA,NaN
0.7,clear,center,adults,0.17508386420509386,0.2937334699266554,0.23428477796269945
0.7,clear,center,children,0.20870304825382952,0.3245596359658859,0.26526708245458247
0.7,clear,distracter,adults,0.04053981202675973,0.08069492586214543,0.05958090656508229
0.7,clear,distracter,children,0.18044695466570465,0.26619397095959596,0.22494739057239058
0.7,clear,target,adults,0.6397312037805954,0.7677360282179466,0.7061343154722183
0.7,clear,target,children,0.4517068138747826,0.5671877305275742,0.5097855269730269
0.7,noise,center,adults,0.2720266346353911,0.43231264668645664,0.3473603694777139
0.7,noise,center,children,0.2731654781388825,0.41337780570493343,0.3420358896422726
0.7,noise,distracter,adults,0.030654227189102542,0.06362294253977413,0.04757325607862151
0.7,noise,distracter,children,0.18024584827111423,0.2792569915309277,0.22457005169771127
0.7,noise,target,adults,0.5195783960116757,0.6783758191902127,0.6050663744436645
0.7,noise,target,children,0.3769352706985686,0.4963334404956745,0.4333940586600161
0.7333333333333333,clear,NA,adults,NA,NA,NaN
0.7333333333333333,clear,NA,children,NA,NA,NaN
0.7333333333333333,noise,NA,adults,NA,NA,NaN
0.7333333333333333,noise,NA,children,NA,NA,NaN
0.7666666666666667,clear,NA,adults,NA,NA,NaN
0.7666666666666667,clear,NA,children,NA,NA,NaN
0.7666666666666667,noise,NA,adults,NA,NA,NaN
0.7666666666666667,noise,NA,children,NA,NA,NaN
0.8,clear,center,adults,0.11561937125872085,0.2108660541577576,0.16019226106929074
0.8,clear,center,children,0.17587752019392644,0.2923461571703758,0.22749406265031263
0.8,clear,distracter,adults,0.027469367455080843,0.06477395237655398,0.04636132710627498
0.8,clear,distracter,children,0.1545641467907093,0.22875318691724944,0.1925416019166019
0.8,clear,target,adults,0.7394711203651232,0.8480388068932011,0.7934464118244343
0.8,clear,target,children,0.5270098868145743,0.6309166672447923,0.5799643354330855
0.8,noise,center,adults,0.15496409374693665,0.29218094396008454,0.2233896528723546
0.8,noise,center,children,0.20051299985475518,0.330504630564471,0.2670886737376099
0.8,noise,distracter,adults,0.03686143043253068,0.070593611308646,0.05274730727406904
0.8,noise,distracter,children,0.16106194780396907,0.23126918737291075,0.19406816587667652
0.8,noise,target,adults,0.6530763152244629,0.7922204724393471,0.7238630398535764
0.8,noise,target,children,0.47444890216166813,0.6074404983314559,0.5388431603857136
0.8333333333333334,clear,NA,adults,NA,NA,NaN
0.8333333333333334,clear,NA,children,NA,NA,NaN
0.8333333333333334,noise,NA,adults,NA,NA,NaN
0.8333333333333334,noise,NA,children,NA,NA,NaN
0.8666666666666667,clear,NA,adults,NA,NA,NaN
0.8666666666666667,clear,NA,children,NA,NA,NaN
0.8666666666666667,noise,NA,adults,NA,NA,NaN
0.8666666666666667,noise,NA,children,NA,NA,NaN
0.9,clear,center,adults,0.08589271883549533,0.16021635536169893,0.11988205829742828
0.9,clear,center,children,0.13409119598572725,0.25355832752317126,0.18650848572723572
0.9,clear,distracter,adults,0.01736378625189416,0.055104262742641574,0.03358230067175464
0.9,clear,distracter,children,0.15120398770789395,0.21083955468721094,0.17818657037407037
0.9,clear,target,adults,0.7984936566609693,0.8897458937227125,0.8465356410308171
0.9,clear,target,children,0.5762780463171089,0.6938361891291579,0.6353049438986939
0.9,noise,center,adults,0.10219355339072116,0.21804073326361123,0.15369120914683274
0.9,noise,center,children,0.14407173057439016,0.2543063673914738,0.19741738757696203
0.9,noise,distracter,adults,0.028393715917100763,0.057673162073828846,0.04279616366262132
0.9,noise,distracter,children,0.15496117800639075,0.22882450218221495,0.19084054243628712
0.9,noise,target,adults,0.7424644112831207,0.8560362715737808,0.803512627190546
0.9,noise,target,children,0.549208435624659,0.6772592013482971,0.6117420699867508
0.9333333333333333,clear,NA,adults,NA,NA,NaN
0.9333333333333333,clear,NA,children,NA,NA,NaN
0.9333333333333333,noise,NA,adults,NA,NA,NaN
0.9333333333333333,noise,NA,children,NA,NA,NaN
0.9666666666666667,clear,NA,adults,NA,NA,NaN
0.9666666666666667,clear,NA,children,NA,NA,NaN
0.9666666666666667,noise,NA,adults,NA,NA,NaN
0.9666666666666667,noise,NA,children,NA,NA,NaN
1,clear,center,adults,0.055384392843865565,0.13303052250467268,0.09112969262043503
1,clear,center,children,0.12561350541819294,0.2464719481906982,0.18147676975801977
1,clear,distracter,adults,0.01203557779933563,0.04794292885905213,0.028125605837264714
1,clear,distracter,children,0.11780390616328117,0.17314355999902875,0.14258449883449884
1,clear,target,adults,0.826289356609692,0.9282739717907775,0.8807447015423002
1,clear,target,children,0.611029844721251,0.7351008691829004,0.6759387314074814
1,noise,center,adults,0.07223024136890341,0.17634188571637138,0.1192599011901096
1,noise,center,children,0.12233399062521402,0.21776401273076806,0.16956152594450466
1,noise,distracter,adults,0.019546088831300545,0.04704660354218073,0.0328456251975031
1,noise,distracter,children,0.1327379026115728,0.20891775260791218,0.17081990113905007
1,noise,target,adults,0.7878553980283005,0.8998724591824563,0.8478944736123873
1,noise,target,children,0.5888640304730731,0.7170017194684747,0.6596185729164452
1.0333333333333334,clear,NA,adults,NA,NA,NaN
1.0333333333333334,clear,NA,children,NA,NA,NaN
1.0333333333333334,noise,NA,adults,NA,NA,NaN
1.0333333333333334,noise,NA,children,NA,NA,NaN
1.0666666666666667,clear,NA,adults,NA,NA,NaN
1.0666666666666667,clear,NA,children,NA,NA,NaN
1.0666666666666667,noise,NA,adults,NA,NA,NaN
1.0666666666666667,noise,NA,children,NA,NA,NaN
1.1,clear,center,adults,0.04109486324486901,0.1186039875494619,0.07457712913644518
1.1,clear,center,children,0.11969086252289377,0.23030157125860246,0.17144062534687535
1.1,clear,distracter,adults,0.014329985716370916,0.04652123169367002,0.02875127284164286
1.1,clear,distracter,children,0.10570449082167832,0.16482928168475042,0.13610663063788064
1.1,clear,target,adults,0.8415070407406344,0.938856395955691,0.896671598021912
1.1,clear,target,children,0.6244111747627373,0.751064121064121,0.692452744015244
1.1,noise,center,adults,0.04503403418420206,0.15100424361143988,0.09074253175812097
1.1,noise,center,children,0.11556941507074486,0.21539299353129138,0.16424875361045574
1.1,noise,distracter,adults,0.008934578454551007,0.030658543582080658,0.01910026353594477
1.1,noise,distracter,children,0.10950652848924125,0.18230251574666465,0.14479864107523682
1.1,noise,target,adults,0.8158558097088966,0.9415191880504792,0.8901572047059343
1.1,noise,target,children,0.6264939854766982,0.7545320216131386,0.6909526053143075
1.1333333333333333,clear,NA,adults,NA,NA,NaN
1.1333333333333333,clear,NA,children,NA,NA,NaN
1.1333333333333333,noise,NA,adults,NA,NA,NaN
1.1333333333333333,noise,NA,children,NA,NA,NaN
1.1666666666666667,clear,NA,adults,NA,NA,NaN
1.1666666666666667,clear,NA,children,NA,NA,NaN
1.1666666666666667,noise,NA,adults,NA,NA,NaN
1.1666666666666667,noise,NA,children,NA,NA,NaN
1.2,clear,center,adults,0.037883439418385,0.12517133942239966,0.07548367785591441
1.2,clear,center,children,0.11259882117303993,0.21367228257853255,0.1588602080789581
1.2,clear,distracter,adults,0.009486751586490677,0.039321614127382776,0.022934113749889448
1.2,clear,distracter,children,0.0928186375256688,0.14484610224844602,0.11890548687423687
1.2,clear,target,adults,0.8369939445573729,0.9505871183577177,0.9015822083941961
1.2,clear,target,children,0.6655781371406372,0.7726675191128316,0.7222343050468051
1.2,noise,center,adults,0.0337843338267348,0.14313561765565727,0.07932137878141263
1.2,noise,center,children,0.1135362886227248,0.20632091977171757,0.15729226447311553
1.2,noise,distracter,adults,0.007356270379397588,0.029878084907061134,0.017577371455127788
1.2,noise,distracter,children,0.08975310150842067,0.16763816856901964,0.12479036920526282
1.2,noise,target,adults,0.8372051341227779,0.9524849154708517,0.9031012497634596
1.2,noise,target,children,0.6559027785158105,0.7793402032364799,0.7179173663216216
1.2333333333333334,clear,NA,adults,NA,NA,NaN
1.2333333333333334,clear,NA,children,NA,NA,NaN
1.2333333333333334,noise,NA,adults,NA,NA,NaN
1.2333333333333334,noise,NA,children,NA,NA,NaN
1.2666666666666666,clear,NA,adults,NA,NA,NaN
1.2666666666666666,clear,NA,children,NA,NA,NaN
1.2666666666666666,noise,NA,adults,NA,NA,NaN
1.2666666666666666,noise,NA,children,NA,NA,NaN
1.3,clear,center,adults,0.033602301275989704,0.1318370091764485,0.07921444565194263
1.3,clear,center,children,0.11315774358743108,0.21226387255684132,0.16204065032190032
1.3,clear,distracter,adults,0.007751436781609196,0.02896019659254135,0.017510037910850904
1.3,clear,distracter,children,0.08397588088994339,0.12765036612692862,0.10616406163281163
1.3,clear,target,adults,0.8377511129391743,0.9536257457856667,0.9032755164372065
1.3,clear,target,children,0.6696803008912384,0.7881284716440966,0.731795288045288
1.3,noise,center,adults,0.030756192977692165,0.14130957565830565,0.07723561808676806
1.3,noise,center,children,0.12229695836078816,0.21604489703558852,0.16745913660807277
1.3,noise,distracter,adults,0.006387486446191382,0.03123559837511818,0.01744455553201382
1.3,noise,distracter,children,0.09104648897202089,0.16047806581716156,0.12540624269347672
1.3,noise,target,adults,0.8267780920631156,0.9624508857753977,0.9053198263812181
1.3,noise,target,children,0.6423567567184588,0.7744229108657299,0.7071346206984505
1.3333333333333333,clear,NA,adults,NA,NA,NaN
1.3333333333333333,clear,NA,children,NA,NA,NaN
1.3333333333333333,noise,NA,adults,NA,NA,NaN
1.3333333333333333,noise,NA,children,NA,NA,NaN
1.3666666666666667,clear,NA,adults,NA,NA,NaN
1.3666666666666667,clear,NA,children,NA,NA,NaN
1.3666666666666667,noise,NA,adults,NA,NA,NaN
1.3666666666666667,noise,NA,children,NA,NA,NaN
1.4,clear,center,adults,0.04023373756179406,0.14676475606957695,0.08963016835657188
1.4,clear,center,children,0.12385310508357383,0.2396475153897029,0.17565891862766864
1.4,clear,distracter,adults,0.007015176760359317,0.027315612007770985,0.016010961045190255
1.4,clear,distracter,children,0.07457710258491508,0.12438195701867577,0.10102232836607837
1.4,clear,target,adults,0.8262743745275675,0.9461459528479257,0.8943588705982378
1.4,clear,target,children,0.6605061128108003,0.787025436947312,0.723318753006253
1.4,noise,center,adults,0.0272980297270794,0.14817754732516536,0.07468836910501324
1.4,noise,center,children,0.13552674940307918,0.23614020952451803,0.1790342636087317
1.4,noise,distracter,adults,0.008113477071863228,0.03515689818003868,0.020221167208219815
1.4,noise,distracter,children,0.0929222572640126,0.18743965697423143,0.13930431270856802
1.4,noise,target,adults,0.8313291075188025,0.9564190766464302,0.9050904636867669
1.4,noise,target,children,0.6202074764774234,0.7445989338675508,0.6816614236827003
1.4333333333333333,clear,NA,adults,NA,NA,NaN
1.4333333333333333,clear,NA,children,NA,NA,NaN
1.4333333333333333,noise,NA,adults,NA,NA,NaN
1.4333333333333333,noise,NA,children,NA,NA,NaN
1.4666666666666666,clear,NA,adults,NA,NA,NaN
1.4666666666666666,clear,NA,children,NA,NA,NaN
1.4666666666666666,noise,NA,adults,NA,NA,NaN
1.4666666666666666,noise,NA,children,NA,NA,NaN
1.5,clear,center,adults,0.047283715967776696,0.15853188319889572,0.09812317351809761
1.5,clear,center,children,0.1467119230595793,0.2395766841665279,0.19352591852591852
1.5,clear,distracter,adults,0.007458362222060042,0.025946405521115774,0.015701518499930133
1.5,clear,distracter,children,0.0782227017773893,0.14100753846847597,0.10912056693306693
1.5,clear,target,adults,0.8176781999188636,0.939330862516648,0.8861753079819722
1.5,clear,target,children,0.631646122974248,0.7584186169733044,0.6973535145410146
1.5,noise,center,adults,0.03202439602811242,0.13411890768895762,0.07704521677084435
1.5,noise,center,children,0.14990162984178942,0.2539964268887141,0.2031519898541175
1.5,noise,distracter,adults,0.010371916421988401,0.03691266664866415,0.022737490250085944
1.5,noise,distracter,children,0.09093454196512707,0.1755353312467674,0.1283311546609419
1.5,noise,target,adults,0.8355467128844329,0.9551984175395962,0.9002172929790697
1.5,noise,target,children,0.602690578481802,0.7264891292218418,0.6685168554849406
1.5333333333333334,clear,NA,adults,NA,NA,NaN
1.5333333333333334,clear,NA,children,NA,NA,NaN
1.5333333333333334,noise,NA,adults,NA,NA,NaN
1.5333333333333334,noise,NA,children,NA,NA,NaN
1.5666666666666667,clear,NA,adults,NA,NA,NaN
1.5666666666666667,clear,NA,children,NA,NA,NaN
1.5666666666666667,noise,NA,adults,NA,NA,NaN
1.5666666666666667,noise,NA,children,NA,NA,NaN
1.6,clear,center,adults,0.04571328151832737,0.17248988748511296,0.10543215958935222
1.6,clear,center,children,0.18159636442839566,0.2863032135688386,0.2322725018037518
1.6,clear,distracter,adults,0.008945833060699251,0.030080169025340945,0.01884364007004359
1.6,clear,distracter,children,0.07927944884976135,0.14291730405011654,0.10875013296888297
1.6,clear,target,adults,0.8009624660748663,0.9386315893260702,0.8757242003406042
1.6,clear,target,children,0.5891187667945481,0.7167470622548747,0.6589773652273653
1.6,noise,center,adults,0.03977121141463774,0.13927647552935352,0.08320508071886237
1.6,noise,center,children,0.16928762505225273,0.28512191930410014,0.22186504393951204
1.6,noise,distracter,adults,0.009131306026303736,0.04323172131292263,0.024566217538801456
1.6,noise,distracter,children,0.08450195416285841,0.15565015436690965,0.11796415759181716
1.6,noise,target,adults,0.8278125524150672,0.9484723785686304,0.89222870174233615
1.6,noise,target,children,0.596783954077837,0.724195262479837,0.6601707984686708
1.6333333333333333,clear,NA,adults,NA,NA,NaN
1.6333333333333333,clear,NA,children,NA,NA,NaN
1.6333333333333333,noise,NA,adults,NA,NA,NaN
1.6333333333333333,noise,NA,children,NA,NA,NaN
1.6666666666666667,clear,NA,adults,NA,NA,NaN
1.6666666666666667,clear,NA,children,NA,NA,NaN
1.6666666666666667,noise,NA,adults,NA,NA,NaN
1.6666666666666667,noise,NA,children,NA,NA,NaN
1.7,clear,center,adults,0.06942328293651956,0.19595776590860375,0.12354487907032437
1.7,clear,center,children,0.19746562465312464,0.28817067481129977,0.24248980186480187
1.7,clear,distracter,adults,0.009185603433828585,0.029685314462507658,0.018628800252786053
1.7,clear,distracter,children,0.09872876400220151,0.16694908462486585,0.13103618025493025
1.7,clear,target,adults,0.7838518776828709,0.9233846972708885,0.8578263206768896
1.7,clear,target,children,0.5605769288581789,0.6899350721616346,0.6264740178802679
1.7,noise,center,adults,0.04707129672796692,0.16759309326019983,0.10013057441490995
1.7,noise,center,children,0.1793439052082669,0.2885290492604322,0.23312526716782037
1.7,noise,distracter,adults,0.010705736147505598,0.037004005660013356,0.022482382212556263
1.7,noise,distracter,children,0.08278084061328743,0.1617769700748424,0.12094335924123158
1.7,noise,target,adults,0.8165703128326786,0.9319410757095756,0.8773870433725338
1.7,noise,target,children,0.581229160910012,0.7038905952203824,0.6459313735909481
1.7333333333333334,clear,NA,adults,NA,NA,NaN
1.7333333333333334,clear,NA,children,NA,NA,NaN
1.7333333333333334,noise,NA,adults,NA,NA,NaN
1.7333333333333334,noise,NA,children,NA,NA,NaN
1.7666666666666666,clear,NA,adults,NA,NA,NaN
1.7666666666666666,clear,NA,children,NA,NA,NaN
1.7666666666666666,noise,NA,adults,NA,NA,NaN
1.7666666666666666,noise,NA,children,NA,NA,NaN
1.8,clear,center,adults,0.07051769609941987,0.2134355059954398,0.13616831385254632
1.8,clear,center,children,0.23053880003098753,0.3292484490336053,0.27828146968771966
1.8,clear,distracter,adults,0.005142740429505136,0.027817693744164325,0.016201369436663553
1.8,clear,distracter,children,0.07126163333194584,0.1300562913648851,0.10031938547563547
1.8,clear,target,adults,0.7720337457540487,0.9173032443109489,0.8476303167107901
1.8,clear,target,children,0.5601258723914975,0.6799861177595552,0.6213991448366448
1.8,noise,center,adults,0.06679902165578075,0.1930993461499047,0.12073157152964205
1.8,noise,center,children,0.19563024372199905,0.3128259919749281,0.2539555007640114
1.8,noise,distracter,adults,0.00855566021134075,0.03479823449201087,0.02033384584213119
1.8,noise,distracter,children,0.0663141630827801,0.1360221014210376,0.09989702968426373
1.8,noise,target,adults,0.7839624661602174,0.9150205776081016,0.8589345826282268
1.8,noise,target,children,0.569809270959537,0.7111212900574602,0.6461474695517249
1.8333333333333333,clear,NA,adults,NA,NA,NaN
1.8333333333333333,clear,NA,children,NA,NA,NaN
1.8333333333333333,noise,NA,adults,NA,NA,NaN
1.8333333333333333,noise,NA,children,NA,NA,NaN
1.8666666666666667,clear,NA,adults,NA,NA,NaN
1.8666666666666667,clear,NA,children,NA,NA,NaN
1.8666666666666667,noise,NA,adults,NA,NA,NaN
1.8666666666666667,noise,NA,children,NA,NA,NaN
1.9,clear,center,adults,0.08368557724814064,0.2316285094184392,0.15824248416394573
1.9,clear,center,children,0.2655530912952788,0.3833106303418804,0.3265057280682281
1.9,clear,distracter,adults,0.005280576215160395,0.0345098626893595,0.018258510424315567
1.9,clear,distracter,children,0.061918528520091026,0.10942269102425353,0.08533289627039627
1.9,clear,target,adults,0.7405086958912226,0.8972858023075747,0.8234990054117387
1.9,clear,target,children,0.5342738121253746,0.6445890322062195,0.5881613756613756
1.9,noise,center,adults,0.0817924560526373,0.21702046862445395,0.14227150106014225
1.9,noise,center,children,0.22497929670802008,0.3341085229782038,0.28028322150662577
1.9,noise,distracter,adults,0.009017155001909305,0.03140728104367442,0.019013701636877715
1.9,noise,distracter,children,0.08313074115600713,0.15884531470302746,0.11762507586975672
1.9,noise,target,adults,0.7661213609444708,0.9053427014778972,0.83871479730298
1.9,noise,target,children,0.5438720691247287,0.6600035942190197,0.6020917026236176
1.9333333333333333,clear,NA,adults,NA,NA,NaN
1.9333333333333333,clear,NA,children,NA,NA,NaN
1.9333333333333333,noise,NA,adults,NA,NA,NaN
1.9333333333333333,noise,NA,children,NA,NA,NaN
1.9666666666666666,clear,NA,adults,NA,NA,NaN
1.9666666666666666,clear,NA,children,NA,NA,NaN
1.9666666666666666,noise,NA,adults,NA,NA,NaN
1.9666666666666666,noise,NA,children,NA,NA,NaN
2,clear,center,adults,0.0970714564098604,0.24052619300798245,0.16842891375537233
2,clear,center,children,0.29658604416416917,0.4101244241869242,0.3552801365301365
2,clear,distracter,adults,0.006765866874116237,0.03536224579152178,0.019109643467590205
2,clear,distracter,children,0.0601374377936878,0.11256358225108222,0.08590055777555777
2,clear,target,adults,0.7329186707709487,0.8833144092988185,0.8124614427770375
2,clear,target,children,0.4976987017612018,0.6189903354747104,0.5588193056943057
2,noise,center,adults,0.08595821934359853,0.23055636792828943,0.15106093553203906
2,noise,center,children,0.26340056367981907,0.39319584301632177,0.32746231310061097
2,noise,distracter,adults,0.008451509472046998,0.02955139266948139,0.01855302593737456
2,noise,distracter,children,0.0889463403027233,0.1579213524359801,0.11955447035234269
2,noise,target,adults,0.7546578956132177,0.8919740612405562,0.8303860385305863
2,noise,target,children,0.4835472912135146,0.6198405163099312,0.5529832165470463
2.033333333333333,clear,NA,adults,NA,NA,NaN
2.033333333333333,clear,NA,children,NA,NA,NaN
2.033333333333333,noise,NA,adults,NA,NA,NaN
2.033333333333333,noise,NA,children,NA,NA,NaN
2.066666666666667,clear,NA,adults,NA,NA,NaN
2.066666666666667,clear,NA,children,NA,NA,NaN
2.066666666666667,noise,NA,adults,NA,NA,NaN
2.066666666666667,noise,NA,children,NA,NA,NaN
2.1,clear,center,adults,0.11953879431101233,0.26462449786190256,0.19156644376372214
2.1,clear,center,children,0.31494846444065194,0.4332033967190217,0.37199860324860323
2.1,clear,distracter,adults,0.008923970603614655,0.043231906254701184,0.024924914709806418
2.1,clear,distracter,children,0.06307319850288601,0.11551023195554445,0.08982600154475154
2.1,clear,target,adults,0.6937939306178826,0.8546420626827549,0.7835086415264715
2.1,clear,target,children,0.47846958307895815,0.6025983752936876,0.5381753952066453
2.1,noise,center,adults,0.08720915783910108,0.24448650420696055,0.1572729715690849
2.1,noise,center,children,0.28842205666673754,0.42296411626198854,0.35902153402153403
2.1,noise,distracter,adults,0.010317256416128528,0.030971710800298938,0.01967164184251798
2.1,noise,distracter,children,0.08401806157790201,0.14876616881936028,0.11316027353261396
2.1,noise,target,adults,0.7386127024848921,0.8941419853278209,0.8230553865883972
2.1,noise,target,children,0.45581821547247076,0.5938289628515692,0.527818192445852
2.1333333333333333,clear,NA,adults,NA,NA,NaN
2.1333333333333333,clear,NA,children,NA,NA,NaN
2.1333333333333333,noise,NA,adults,NA,NA,NaN
2.1333333333333333,noise,NA,children,NA,NA,NaN
2.1666666666666665,clear,NA,adults,NA,NA,NaN
2.1666666666666665,clear,NA,children,NA,NA,NaN
2.1666666666666665,noise,NA,adults,NA,NA,NaN
2.1666666666666665,noise,NA,children,NA,NA,NaN
2.2,clear,center,adults,0.15078168731160857,0.311615993331108,0.22799193149777167
2.2,clear,center,children,0.35102631670991047,0.46453769465488215,0.41305693727568726
2.2,clear,distracter,adults,0.004445701357466065,0.02689814139055125,0.014384761348708218
2.2,clear,distracter,children,0.07370240725709476,0.12994822596385094,0.09724141599141599
2.2,clear,target,adults,0.6605153605971896,0.8403866818414439,0.7576233071535201
2.2,clear,target,children,0.42482816951566954,0.5553497334552022,0.48970164673289673
2.2,noise,center,adults,0.09898596948055804,0.25557676534850615,0.17354020322931857
2.2,noise,center,children,0.3430205484527293,0.4783056261114772,0.4115567647482541
2.2,noise,distracter,adults,0.009594526837133003,0.03679712740819751,0.02218169259673709
2.2,noise,distracter,children,0.08481054332783057,0.15337720199422328,0.11726332178459838
2.2,noise,target,adults,0.7201552927752413,0.8761085665204876,0.8042781041739443
2.2,noise,target,children,0.3990065593390062,0.5424737740096782,0.4711799134671475
2.2333333333333334,clear,NA,adults,NA,NA,NaN
2.2333333333333334,clear,NA,children,NA,NA,NaN
2.2333333333333334,noise,NA,adults,NA,NA,NaN
2.2333333333333334,noise,NA,children,NA,NA,NaN
2.2666666666666666,clear,NA,adults,NA,NA,NaN
2.2666666666666666,clear,NA,children,NA,NA,NaN
2.2666666666666666,noise,NA,adults,NA,NA,NaN
2.2666666666666666,noise,NA,children,NA,NA,NaN
2.3,clear,center,adults,0.14878610764272243,0.3150179808384168,0.23712374341233117
2.3,clear,center,children,0.3695995309667185,0.4774661008840696,0.4241015928515928
2.3,clear,distracter,adults,0.004349166103222902,0.0230923940457409,0.012848503386028741
2.3,clear,distracter,children,0.07609030220358345,0.14027673570642318,0.10627520627520627
2.3,clear,target,adults,0.6635172969472731,0.8301753749412688,0.7500277532016401
2.3,clear,target,children,0.4111512518153143,0.5368972368777056,0.46962320087320086
2.3,noise,center,adults,0.11217806179719784,0.2854084775039384,0.18600857118175487
2.3,noise,center,children,0.3472046607352458,0.49688637086908355,0.4213824296271105
2.3,noise,distracter,adults,0.011211135795314294,0.04408053439287591,0.025354332345965205
2.3,noise,distracter,children,0.09350478127073872,0.1585094663020195,0.12582901731837903
2.3,noise,target,adults,0.6921293130378797,0.877356537086416,0.78863709647228
2.3,noise,target,children,0.38177031523441096,0.5299929739291442,0.4527885530545105
2.3333333333333335,clear,NA,adults,NA,NA,NaN
2.3333333333333335,clear,NA,children,NA,NA,NaN
2.3333333333333335,noise,NA,adults,NA,NA,NaN
2.3333333333333335,noise,NA,children,NA,NA,NaN
2.3666666666666667,clear,NA,adults,NA,NA,NaN
2.3666666666666667,clear,NA,children,NA,NA,NaN
2.3666666666666667,noise,NA,adults,NA,NA,NaN
2.3666666666666667,noise,NA,children,NA,NA,NaN
2.4,clear,center,adults,0.16013149742320634,0.34544423988906625,0.2508048860610939
2.4,clear,center,children,0.4138982588591964,0.5298642394931458,0.4740553717116217
2.4,clear,distracter,adults,0.005891310918138111,0.028438345057464336,0.01659003485215616
2.4,clear,distracter,children,0.08585134628103377,0.1508741562257187,0.11869507807007806
2.4,clear,target,adults,0.633166095355314,0.8168021081984074,0.7326050790867499
2.4,clear,target,children,0.34855019763222894,0.4632518002830503,0.4072495502183002
2.4,noise,center,adults,0.11714393914272356,0.2961396297699245,0.1984561833656007
2.4,noise,center,children,0.383962576283055,0.5241153320674596,0.4524728817282009
2.4,noise,distracter,adults,0.011777276882975413,0.04353668203392467,0.026990261916732504
2.4,noise,distracter,children,0.10102570302038388,0.18440836645623881,0.1383353643991942
2.4,noise,target,adults,0.6742552054996367,0.8621626921927132,0.7745535547176668
2.4,noise,target,children,0.33662834505919614,0.4808678090526494,0.4091917538726049
2.433333333333333,clear,NA,adults,NA,NA,NaN
2.433333333333333,clear,NA,children,NA,NA,NaN
2.433333333333333,noise,NA,adults,NA,NA,NaN
2.433333333333333,noise,NA,children,NA,NA,NaN
2.466666666666667,clear,NA,adults,NA,NA,NaN
2.466666666666667,clear,NA,children,NA,NA,NaN
2.466666666666667,noise,NA,adults,NA,NA,NaN
2.466666666666667,noise,NA,children,NA,NA,NaN
2.5,clear,center,adults,0.07142857142857142,0.4642857142857143,0.25
2.5,clear,center,children,0.125,0.45,0.275
2.5,clear,distracter,adults,0,0,0
2.5,clear,distracter,children,0,0.25,0.1
2.5,clear,target,adults,0.5357142857142857,0.9285714285714286,0.75
2.5,clear,target,children,0.45,0.8,0.625
2.5,noise,center,adults,0.03333333333333333,0.4666666666666667,0.23333333333333334
2.5,noise,center,children,0.13157894736842105,0.47368421052631576,0.2894736842105263
2.5,noise,distracter,adults,0,0,0
2.5,noise,distracter,children,0.15789473684210525,0.5927631578947363,0.39473684210526316
2.5,noise,target,adults,0.549166666666667,0.9333333333333333,0.7666666666666667
2.5,noise,target,children,0.10526315789473684,0.5263157894736842,0.3157894736842105
