Time.ms,stimuli,value_cat,mean,summary_ci_lower,summary_ci_upper
0,ASL,Center,1,1,1
0,ASL,Distractor,0,0,0
0,ASL,Target,0,0,0
0,Face,Center,1,1,1
0,Face,Distractor,0,0,0
0,Face,Target,0,0,0
0,Object,Center,1,1,1
0,Object,Distractor,0,0,0
0,Object,Target,0,0,0
0,Bullseye,Center,1,1,1
0,Bullseye,Distractor,0,0,0
0,Bullseye,Target,0,0,0
100,ASL,Center,0.9935185185185185,0.9828472222222222,1
100,ASL,Distractor,0.0027777777777777775,0,0.008333333333333333
100,ASL,Target,0.0037037037037037034,0,0.01111111111111111
100,Face,Center,0.9879960317460318,0.9766534391534392,0.9979166666666667
100,Face,Distractor,0.0073743386243386244,0,0.01541005291005291
100,Face,Target,0.004629629629629629,0,0.013888888888888888
100,Object,Center,0.95339420995671,0.9313519683441558,0.9740533685064936
100,Object,Distractor,0.023196248196248194,0.010016402867965367,0.03729837436868686
100,Object,Target,0.023409541847041845,0.01155220734126984,0.03887682629870129
100,Bullseye,Center,0.9074919871794872,0.8428986378205128,0.956455328525641
100,Bullseye,Distractor,0.0296875,0.005208333333333333,0.059895833333333336
100,Bullseye,Target,0.06282051282051282,0.015719150641025643,0.1135196314102564
1e3,ASL,Center,0.745369038345381,0.6869840158923439,0.8021112389848004
1e3,ASL,Distractor,0.0765602514611466,0.05357307282267321,0.10362810113065865
1e3,ASL,Target,0.17807071019347234,0.1262391508214718,0.2324522592266358
1e3,Face,Center,0.4508862979661539,0.35036223201435124,0.5533155815512751
1e3,Face,Distractor,0.14485567667775906,0.10577552448306525,0.1895177114300755
1e3,Face,Target,0.404258025356087,0.3223078328685104,0.4781936161797495
1e3,Object,Center,0.14906741080986438,0.1105918082632237,0.18796882845235685
1e3,Object,Distractor,0.14986989092348998,0.11837298783839999,0.17798509298095694
1e3,Object,Target,0.7010626982666457,0.6455366815363429,0.751630138566284
1e3,Bullseye,Center,0.11416396103896104,0.0464544439935065,0.18910528273809524
1e3,Bullseye,Distractor,0.19991883116883116,0.12766859442640693,0.27960937499999994
1e3,Bullseye,Target,0.6859172077922078,0.5995390286796537,0.7647544642857143
1033,ASL,Center,0.7207580932885541,0.6578002489625804,0.7821143906411567
1033,ASL,Distractor,0.0745821702091052,0.050385326683120804,0.09932276370144014
1033,ASL,Target,0.20465973650234073,0.15311798188777878,0.26691971557785965
1033,Face,Center,0.4239245657879559,0.3151539702969173,0.5252115519177245
1033,Face,Distractor,0.14590455625672344,0.10570415342812789,0.19443653701103386
1033,Face,Target,0.43017087795532066,0.34792930024088115,0.5028934346455631
1033,Object,Center,0.14524439408630585,0.1121064225296762,0.1846059775090106
1033,Object,Distractor,0.1380022510169569,0.10404679654495831,0.17435525998715337
1033,Object,Target,0.7167533548967372,0.6697403056502321,0.7626136245800768
1033,Bullseye,Center,0.10227137445887446,0.044358630952380955,0.17204335768398266
1033,Bullseye,Distractor,0.19374594155844155,0.1129714669011544,0.2924439033189033
1033,Bullseye,Target,0.7039826839826839,0.6117098665223666,0.7921670725108225
1067,ASL,Center,0.6951087701211006,0.6291038909527953,0.7542032723394418
1067,ASL,Distractor,0.0761110922180635,0.052201651688347006,0.10273518210109167
1067,ASL,Target,0.22878013766083585,0.17043188960305833,0.29136650401625974
1067,Face,Center,0.40884728733025943,0.3100412143755797,0.5069902037104047
1067,Face,Distractor,0.14022239137854461,0.09788904424716152,0.18768509913754688
1067,Face,Target,0.4509303212911959,0.3705742392944889,0.5339031843548823
1067,Object,Center,0.1412606340383043,0.1053257103878234,0.17940128353973167
1067,Object,Distractor,0.13055900809287033,0.10013024745883202,0.16190675922482228
1067,Object,Target,0.7281803578688254,0.6733418438098924,0.7755166290000848
1067,Bullseye,Center,0.09896501068376068,0.04074786324786325,0.1583408453525641
1067,Bullseye,Distractor,0.17464930902430903,0.0966931029040404,0.2556154999514374
1067,Bullseye,Target,0.7263856802919303,0.6537786974310412,0.8127797831508767
1100,ASL,Center,0.6802507417235734,0.614917698456286,0.7397527770964472
1100,ASL,Distractor,0.0755463639674166,0.05192699259804523,0.10096209005419532
1100,ASL,Target,0.24420289430901,0.1872361165255229,0.3141471834510825
1100,Face,Center,0.39195740906267224,0.2998315389691248,0.5116263603996012
1100,Face,Distractor,0.13466088111397034,0.09241666765622716,0.1771848998570609
1100,Face,Target,0.4733817098233574,0.3876731153717352,0.5583722055248443
1100,Object,Center,0.1350311641188189,0.10374394461693706,0.17259826783660953
1100,Object,Distractor,0.11867693795712371,0.08921195312255684,0.15410038293320028
1100,Object,Target,0.7462918979240574,0.698284772865486,0.7890686247527627
1100,Bullseye,Center,0.09995802808302809,0.044281564789377295,0.15962015415140413
1100,Bullseye,Distractor,0.1623840569153069,0.09069278161075037,0.2392226198280885
1100,Bullseye,Target,0.737657915001665,0.6575923555611056,0.8149498331529581
1133,ASL,Center,0.6571605545175416,0.5900143924787689,0.7223214339517927
1133,ASL,Distractor,0.0756194957354633,0.05030033201203266,0.10250744979224305
1133,ASL,Target,0.26721994974699503,0.19939512128027342,0.3336902181070954
1133,Face,Center,0.3795883718677836,0.28752739323656507,0.4834251279157432
1133,Face,Distractor,0.12077576956640425,0.08465030755278434,0.16502275000219077
1133,Face,Target,0.4996358585658121,0.4214814885603876,0.5735230210697025
1133,Object,Center,0.1374132416431178,0.1055404700487421,0.1759858809625402
1133,Object,Distractor,0.10691243944823667,0.08431306920042891,0.13678269553857308
1133,Object,Target,0.7556743189086456,0.712817969732903,0.7970583668460023
1133,Bullseye,Center,0.10132455065359477,0.04144394841269841,0.16359618274393084
1133,Bullseye,Distractor,0.13742872527798997,0.07846220609455903,0.20748431730646805
1133,Bullseye,Target,0.7612467240684152,0.6881814335582718,0.8286803682173627
1167,ASL,Center,0.6388318624548601,0.5663212308048549,0.7036990451561532
1167,ASL,Distractor,0.07850322238995008,0.049205384577495556,0.1063489486919979
1167,ASL,Target,0.28266491515518977,0.21089622764408233,0.34794215922436744
1167,Face,Center,0.36081204871839545,0.26763748833940393,0.4526338360534374
1167,Face,Distractor,0.11802361474381598,0.0757023173424586,0.16068633113210318
1167,Face,Target,0.5211643365377886,0.4309651117161276,0.5969149276166014
1167,Object,Center,0.13775389428253204,0.10726542227659681,0.17033985698469056
1167,Object,Distractor,0.09595870041980722,0.06721110483782214,0.12552242470453093
1167,Object,Target,0.7662874052976607,0.7267956342709149,0.8109653088515801
1167,Bullseye,Center,0.10439288324979114,0.045895647321428576,0.1672335199979114
1167,Bullseye,Distractor,0.11785170786815523,0.07243385867604618,0.1753843278888509
1167,Bullseye,Target,0.7777554088820536,0.712131825479893,0.8366351084268436
1200,ASL,Center,0.59987793857151706,0.5261955253727566,0.6752881354395667
1200,ASL,Distractor,0.08025412851899454,0.05399042667572079,0.11041100026455797
1200,ASL,Target,0.3198679329094884,0.2548401454754396,0.3854994143567279
1200,Face,Center,0.35010215192587485,0.25565648919364087,0.45173533316081205
1200,Face,Distractor,0.10400053700169799,0.07155147582537288,0.14044814713472803
1200,Face,Target,0.5458973110724272,0.4638099513673962,0.62810554869197
1200,Object,Center,0.12788915676686574,0.09613357003333783,0.16170919885712842
1200,Object,Distractor,0.09434457011856393,0.06555437844802686,0.12294277054537309
1200,Object,Target,0.7777662731145704,0.7337052981901568,0.8258298213761642
1200,Bullseye,Center,0.10032606792717086,0.04494594712885154,0.15389859068627448
1200,Bullseye,Distractor,0.10306544966471437,0.050000620039682545,0.15824496938927085
1200,Bullseye,Target,0.7966084824081148,0.7197022334028309,0.8722530866039597
1233,ASL,Center,0.5871824419927799,0.5074124641582998,0.6655516710499683
1233,ASL,Distractor,0.07669803758183756,0.049524781051851485,0.10769416157395698
1233,ASL,Target,0.33611952042538257,0.2671674601567462,0.4099846637038049
1233,Face,Center,0.3372964337505746,0.24853597742771505,0.45364110246281786
1233,Face,Distractor,0.10409744785228531,0.073205690262216,0.13924267343155208
1233,Face,Target,0.55860611839714,0.464261406722828,0.6487887643536587
1233,Object,Center,0.1296462972227291,0.10225634190156249,0.15959403713600212
1233,Object,Distractor,0.09465984973918411,0.06912069012482615,0.1274676558418576
1233,Object,Target,0.7756938530380868,0.7332477241674948,0.8127805645667971
1233,Bullseye,Center,0.09210069444444444,0.04334325396825396,0.1524280753968254
1233,Bullseye,Distractor,0.09831193112443112,0.05110924232017982,0.15093296026889774
1233,Bullseye,Target,0.8095873744311244,0.7364910545183982,0.8756794355817793
1267,ASL,Center,0.5732912378598204,0.49316200593047244,0.6597266044197074
1267,ASL,Distractor,0.07991994935412623,0.05356770917402395,0.10744257331599166
1267,ASL,Target,0.34678881278605334,0.27111132092401946,0.41452369012753143
1267,Face,Center,0.32713965905239123,0.2398005827099529,0.436461137922535
1267,Face,Distractor,0.10798115748773643,0.0745055915697363,0.14235569559582717
1267,Face,Target,0.5648791834598723,0.47603870963040373,0.6424300602692873
1267,Object,Center,0.1267266627850993,0.09512789936778908,0.1604200653792372
1267,Object,Distractor,0.09663054287473792,0.06802278755708516,0.12867017909635942
1267,Object,Target,0.7766427943401627,0.7364468813726264,0.8224499015668714
1267,Bullseye,Center,0.09340512740183793,0.041716194783834586,0.14712331936612358
1267,Bullseye,Distractor,0.08433950004673689,0.04059139645077145,0.13841822240259738
1267,Bullseye,Target,0.8222553725514252,0.7552738614410079,0.8872657091172715
1300,ASL,Center,0.5451065730890292,0.4642488452905119,0.6313467286449743
1300,ASL,Distractor,0.08807195890529224,0.05902817784067784,0.11935474325057657
1300,ASL,Target,0.36682146800567855,0.30017384467384467,0.4355176282051282
1300,Face,Center,0.3200186274925052,0.2458505810387583,0.41455571047083717
1300,Face,Distractor,0.11323532454530906,0.07780144979182324,0.15278923637887454
1300,Face,Target,0.5667460479621858,0.47629323465152124,0.6475616608739915
1300,Object,Center,0.12689001293683955,0.09422187965328445,0.15852103630373754
1300,Object,Distractor,0.0941863093691654,0.06594623605561106,0.1252882279560395
1300,Object,Target,0.7789236776939951,0.7350271772296976,0.8184134745033304
1300,Bullseye,Center,0.09506588532081953,0.04835509542540793,0.14568484455511593
1300,Bullseye,Distractor,0.08838748057498058,0.042306946525696526,0.14451240166083912
1300,Bullseye,Target,0.8165466341041999,0.7431686015464798,0.8817445286575631
133,ASL,Center,0.9897811447811448,0.9789162457912457,0.9984848484848485
133,ASL,Distractor,0.006515151515151515,0,0.014928030303030299
133,ASL,Target,0.0037037037037037034,0,0.01111111111111111
133,Face,Center,0.9614879979769686,0.9356281609866168,0.9828222139550264
133,Face,Distractor,0.024582263460939932,0.008205386321195145,0.04478230528322438
133,Face,Target,0.013929738562091502,0.0020833333333333333,0.02821248638344226
133,Object,Center,0.8911611371944189,0.8627696633942038,0.9198703774779142
133,Object,Distractor,0.05892047237248475,0.03811439928535516,0.07864798727351939
133,Object,Target,0.049918390433096316,0.028801603013000072,0.07575477626948215
133,Bullseye,Center,0.8234207112332113,0.741995612026862,0.897802245497558
133,Bullseye,Distractor,0.09480120573870573,0.043331234737484736,0.15007802960927957
133,Bullseye,Target,0.08177808302808302,0.03535714285714286,0.1432115766178266
1333,ASL,Center,0.5258956203979087,0.4558196524849843,0.6077007644109569
1333,ASL,Distractor,0.08004345274749546,0.055063388016763304,0.10754522966298329
1333,ASL,Target,0.3940609268545958,0.326710599098757,0.4506477562945431
1333,Face,Center,0.3114335556290227,0.23495326439149317,0.40378586096151964
1333,Face,Distractor,0.10758642180981998,0.07200698990601737,0.14329747020608002
1333,Face,Target,0.5809800225611573,0.507242493550685,0.6732073860851182
1333,Object,Center,0.13067484985344893,0.10014604083029972,0.16460570758522092
1333,Object,Distractor,0.09848667253369266,0.07442694990982529,0.1239683974570536
1333,Object,Target,0.7708384776128584,0.7259467610777595,0.8097902646673931
1333,Bullseye,Center,0.08404157976526397,0.03924084595959596,0.13408047453277716
1333,Bullseye,Distractor,0.0956085581085581,0.04567474192474193,0.14938041125541124
1333,Bullseye,Target,0.8203498621261779,0.7580209273548089,0.8831373314185813
1367,ASL,Center,0.5100039044775887,0.4327897399871084,0.5858619852369852
1367,ASL,Distractor,0.0815734557839821,0.05721999443052075,0.11397480297480297
1367,ASL,Target,0.40842263973842924,0.3362825045325045,0.46640489797726636
1367,Face,Center,0.3104946549900447,0.2275621291613518,0.409927892191172
1367,Face,Distractor,0.1020940308588377,0.07005612910344368,0.13502966968559993
1367,Face,Target,0.5874113141511176,0.5090967546976936,0.6786625327143903
1367,Object,Center,0.12865434262589834,0.09800274040115371,0.15837248318041175
1367,Object,Distractor,0.09734306006171331,0.07369164811366824,0.12604842521331008
1367,Object,Target,0.7740025973123883,0.7331045686474045,0.8143657458624322
1367,Bullseye,Center,0.0815690522927365,0.04235649766899767,0.12554482980469822
1367,Bullseye,Distractor,0.09078941891441891,0.04278395215895216,0.13717688561438554
1367,Bullseye,Target,0.8276415287928446,0.7698980309712217,0.8777993187368187
1400,ASL,Center,0.4950139723425495,0.4238320787402225,0.5692254160282866
1400,ASL,Distractor,0.08033896822464148,0.05195605829237542,0.10692207637663284
1400,ASL,Target,0.42464705943280895,0.35825073272860664,0.4949014635462004
1400,Face,Center,0.3082569019879728,0.23059027941161092,0.4138619744669936
1400,Face,Distractor,0.10810428898306641,0.07780229307832809,0.14089527454239434
1400,Face,Target,0.5836388090289608,0.5054417765391022,0.6739043158030193
1400,Object,Center,0.13047214255902337,0.09858103558217238,0.16209103362506513
1400,Object,Distractor,0.09613217192164561,0.07261928919947012,0.12173386413476875
1400,Object,Target,0.773395685519331,0.7328866306310433,0.810337129218176
1400,Bullseye,Center,0.08435255351373772,0.04894731205380877,0.12295969290212708
1400,Bullseye,Distractor,0.10647893772893773,0.06244419642857142,0.15487580128205125
1400,Bullseye,Target,0.8091685087573245,0.7497067769127802,0.8577658836046993
1433,ASL,Center,0.4795376296565833,0.4025637214815857,0.5638086006726695
1433,ASL,Distractor,0.08111543197901334,0.053870882919090715,0.11287475059249862
1433,ASL,Target,0.4393469383644033,0.3666131602994923,0.5143679266626411
1433,Face,Center,0.3206933790529328,0.23816149508664167,0.41582975179576653
1433,Face,Distractor,0.09447936865342471,0.06484948464854072,0.12424420771683714
1433,Face,Target,0.5848272522936425,0.512161473338801,0.667080987056316
1433,Object,Center,0.13194393014536204,0.10372030175706645,0.16344644649779616
1433,Object,Distractor,0.09525565679590448,0.0709125107160856,0.11669258455360429
1433,Object,Target,0.7728004130587335,0.7349567727110781,0.8133723332856944
1433,Bullseye,Center,0.08530903211967285,0.05026300692061561,0.12271110103346944
1433,Bullseye,Distractor,0.10375905797101449,0.05876169987922705,0.15251045979986197
1433,Bullseye,Target,0.8109319099093126,0.740896962218115,0.8637126875238288
1467,ASL,Center,0.46314008336947526,0.3808602068886754,0.5432835861596144
1467,ASL,Distractor,0.09438419885124165,0.06327840616541332,0.1312664373456921
1467,ASL,Target,0.44247571777928313,0.36657939790739097,0.5153272669978519
1467,Face,Center,0.3173890050438038,0.2314105141325536,0.4010891100858206
1467,Face,Distractor,0.08786101794518977,0.05718494689542483,0.11791650029894998
1467,Face,Target,0.5947499770110064,0.5135316366129785,0.66893891414886
1467,Object,Center,0.1375227222682718,0.10240063290414006,0.17882034540214686
1467,Object,Distractor,0.09199028804872458,0.06882336625148158,0.11630063173518088
1467,Object,Target,0.7704869896830037,0.7294113934848262,0.8127006374554024
1467,Bullseye,Center,0.07917912401608053,0.04049000516391821,0.12199557688688122
1467,Bullseye,Distractor,0.1014696806816372,0.06093942855152094,0.14248238174868608
1467,Bullseye,Target,0.8193511953022823,0.7511375105872389,0.8692992970948134
1500,ASL,Center,0.4576192097517851,0.3835591253120745,0.5314415571824829
1500,ASL,Distractor,0.09150918736686148,0.0658158661465372,0.12476285160886243
1500,ASL,Target,0.4508716028813534,0.37677232067134026,0.5207041866918783
1500,Face,Center,0.3252981257576846,0.2422799114853585,0.4136581617986416
1500,Face,Distractor,0.08644619144328897,0.055194845981296245,0.1140077599514277
1500,Face,Target,0.5882556827990264,0.5072683703984497,0.6688939311596771
1500,Object,Center,0.13167158971919035,0.09876950028493178,0.16323599107935405
1500,Object,Distractor,0.08530641486136842,0.06205678890145802,0.10984260826999798
1500,Object,Target,0.7830219954194413,0.7405295896430282,0.8248414838139586
1500,Bullseye,Center,0.07631137772728161,0.04295456581462016,0.11543198728553418
1500,Bullseye,Distractor,0.0966619883739449,0.0579036893812709,0.14332465277777773
1500,Bullseye,Target,0.8270266338987735,0.7621331408627605,0.8790458936999626
1533,ASL,Center,0.450840307551182,0.37492737566908046,0.5230598865131585
1533,ASL,Distractor,0.08296425083443339,0.05252909247990384,0.11432957033388066
1533,ASL,Target,0.46619544161438464,0.3879824321085786,0.5402374192329727
1533,Face,Center,0.33295943124213245,0.24707931008942038,0.43019359881407565
1533,Face,Distractor,0.08196765520198182,0.05260821885265578,0.11398160857066622
1533,Face,Target,0.5850729135558856,0.49306488228726036,0.667197582868055
1533,Object,Center,0.13733437196188744,0.10192874200156998,0.17420708310007843
1533,Object,Distractor,0.08529891923951521,0.061323298841681195,0.1120779001431575
1533,Object,Target,0.7773667087985974,0.7344656171142239,0.8148162429621891
1533,Bullseye,Center,0.08969913062983714,0.04544383002263437,0.13960135074265503
1533,Bullseye,Distractor,0.08661734551680203,0.048581245520783564,0.12533267098993997
1533,Bullseye,Target,0.8236835238533609,0.7471359161168943,0.8927039760574067
1567,ASL,Center,0.4488912529786694,0.3767107374591726,0.5278525923856077
1567,ASL,Distractor,0.08157380950646083,0.05500445755225167,0.10992986850382416
1567,ASL,Target,0.46953493751486974,0.39438653170086996,0.5491835801026164
1567,Face,Center,0.33395929710267946,0.2428500085324534,0.4380843271652094
1567,Face,Distractor,0.08151795440398381,0.04771542123793962,0.11635467728758164
1567,Face,Target,0.5845227484933367,0.4961614658489658,0.6676033664728518
1567,Object,Center,0.13893669067430678,0.10518591676641212,0.18069703629059275
1567,Object,Distractor,0.08481183537394837,0.062475748333623723,0.11340658868404127
1567,Object,Target,0.7762514739517449,0.7334075208148834,0.8193555421401784
1567,Bullseye,Center,0.09317135285205938,0.043932966219820846,0.14679084738103076
1567,Bullseye,Distractor,0.08180965320910973,0.043307291666666664,0.12449612340407176
1567,Bullseye,Target,0.8250189939388308,0.7506790952103453,0.894499088120012
1600,ASL,Center,0.4382028457247755,0.3662479966630186,0.5101336806468386
1600,ASL,Distractor,0.08787935829602496,0.05690098443223443,0.12153177994844659
1600,ASL,Target,0.4739177959791995,0.39924612582836266,0.546938927625331
1600,Face,Center,0.32500869837363644,0.23770156728627123,0.42691470498455786
1600,Face,Distractor,0.08119471472799646,0.050512041439382774,0.11449456207921764
1600,Face,Target,0.5937965868983671,0.5136960887875168,0.6739075746414175
1600,Object,Center,0.15145522659744795,0.11759938676465863,0.19304140740150805
1600,Object,Distractor,0.0849456843680915,0.058231103680890836,0.1117250913404406
1600,Object,Target,0.7635990890344606,0.7215444094895043,0.806212273482881
1600,Bullseye,Center,0.09662991431083537,0.045959595959595964,0.15639744370213116
1600,Bullseye,Distractor,0.08245400432900432,0.04040167297979798,0.12733033459595955
1600,Bullseye,Target,0.8209160813601603,0.7415421913612703,0.8882872865438656
1633,ASL,Center,0.428998504715896,0.35306091269841267,0.5122758022774327
1633,ASL,Distractor,0.0935026455026455,0.06313333333333333,0.12349708994708994
1633,ASL,Target,0.47749884978145846,0.3975690706234184,0.5559748677248677
1633,Face,Center,0.32976155788655787,0.2330098498601788,0.4293138411600582
1633,Face,Distractor,0.08890929976456292,0.05818480465684413,0.12070233585858584
1633,Face,Target,0.5813291423488792,0.4989883176643045,0.6668073390729641
1633,Object,Center,0.15011901744196635,0.11189128929045242,0.18579533961480554
1633,Object,Distractor,0.08454629821502886,0.06111755987820229,0.11232996141500398
1633,Object,Target,0.7653346843430048,0.7294278633974599,0.8032634434225474
1633,Bullseye,Center,0.09282879393362803,0.03956407044042914,0.15154146869768292
1633,Bullseye,Distractor,0.0864933375802941,0.05050531367786803,0.1320788790014333
1633,Bullseye,Target,0.8206778684860778,0.7433015279497867,0.8813250074578199
1667,ASL,Center,0.40969572416311545,0.3327845254081667,0.48252191273374057
1667,ASL,Distractor,0.10499593291698554,0.07405997474747475,0.13643919182669184
1667,ASL,Target,0.485308342919899,0.40391669248255346,0.570166113928342
1667,Face,Center,0.3393890842130006,0.2556009790433165,0.44187850217915037
1667,Face,Distractor,0.08490357466750656,0.05758191923100979,0.11782408128721983
1667,Face,Target,0.5757073411194928,0.4947298389282716,0.666174775033618
1667,Object,Center,0.15360159222872072,0.1165525512391805,0.19405745361342303
1667,Object,Distractor,0.0908371401560256,0.06232329205452271,0.12185574432662277
1667,Object,Target,0.7555612676152537,0.7138465228656792,0.7960902949255552
1667,Bullseye,Center,0.09692605084338493,0.04122098816753422,0.15968155364372466
1667,Bullseye,Distractor,0.08906888703084355,0.04970072198333068,0.1409298023836067
1667,Bullseye,Target,0.8140050621257715,0.7280027555475925,0.8843543383699634
167,ASL,Center,0.9834724534724535,0.9709986772486774,0.9941025641025641
167,ASL,Distractor,0.00949050949050949,0.0015151515151515152,0.018549783549783552
167,ASL,Target,0.007037037037037037,0,0.017777777777777778
167,Face,Center,0.9510134609399316,0.9200980392156862,0.9769262566137566
167,Face,Distractor,0.029964207905384375,0.010129794973544973,0.05691025715841892
167,Face,Target,0.019022331154684095,0.004880514705882353,0.03538636982570806
167,Object,Center,0.8264745489503617,0.7781086720324095,0.8673635463854601
167,Object,Distractor,0.08004246914076635,0.05941672558177976,0.10670347870009247
167,Object,Target,0.093482981908872,0.059379728391555975,0.1382803454715219
167,Bullseye,Center,0.7511322925085713,0.6464743289443577,0.8507997110652561
167,Bullseye,Distractor,0.13285941023313144,0.06565853923090975,0.20178338607346752
167,Bullseye,Target,0.11600829725829725,0.05392045454545454,0.18261927308802306
1700,ASL,Center,0.4022672274443374,0.3303895247647065,0.4761516875441268
1700,ASL,Distractor,0.10191601403570265,0.06683354605532332,0.1360112371812623
1700,ASL,Target,0.49581675851995993,0.41694321624294395,0.5718041839929712
1700,Face,Center,0.34272484946827053,0.2561440198446777,0.43595198311070016
1700,Face,Distractor,0.08781548617074933,0.061419978048267515,0.11855911997359361
1700,Face,Target,0.5694596643609802,0.46959738680544605,0.6592226494570244
1700,Object,Center,0.15877633567842547,0.12129170183209464,0.1957107845983136
1700,Object,Distractor,0.0899815363515054,0.06476524508826657,0.12399535923474098
1700,Object,Target,0.7512421279700692,0.7089101052617404,0.7900639029308969
1700,Bullseye,Center,0.0989864904038245,0.04092785641291076,0.16523261671109213
1700,Bullseye,Distractor,0.08479156712852365,0.046469299118755636,0.12775679181929178
1700,Bullseye,Target,0.8162219424676519,0.7287632997365907,0.88245167506105
1733,ASL,Center,0.40824913419340664,0.34002457348006887,0.47409532599896376
1733,ASL,Distractor,0.09895464958158456,0.06572284720639984,0.13401251627915717
1733,ASL,Target,0.4927962162250088,0.4127714706246053,0.565801980770634
1733,Face,Center,0.3526365413410692,0.2769585153005964,0.4547463101913566
1733,Face,Distractor,0.08925006219414114,0.05694958527400962,0.12367050096285288
1733,Face,Target,0.5581133964647896,0.4657219869913368,0.6438881534522981
1733,Object,Center,0.17302605743761182,0.1366539922758448,0.21620345914557257
1733,Object,Distractor,0.08597885115531333,0.0610865222590419,0.11879727764329809
1733,Object,Target,0.7409950914070749,0.6961431154490776,0.7792668695942542
1733,Bullseye,Center,0.10962815867707172,0.05211897213595583,0.16799465065429736
1733,Bullseye,Distractor,0.09331059439755092,0.05221741950682168,0.14260009389764822
1733,Bullseye,Target,0.7970612469253774,0.7151656342349277,0.8616279864207853
1767,ASL,Center,0.42304491804491806,0.3552489570614571,0.49381137959262955
1767,ASL,Distractor,0.09671763421763421,0.06688595201095202,0.12786599049099046
1767,ASL,Target,0.48023744773744775,0.4054594225219225,0.5527717918655419
1767,Face,Center,0.3691995058819749,0.2784575007644861,0.45879294274285076
1767,Face,Distractor,0.09373016170133043,0.058500848110223116,0.13481348079004327
1767,Face,Target,0.5370703324166947,0.4480475094078035,0.6305630122926467
1767,Object,Center,0.18339653627676072,0.1375002918531847,0.23011226249563127
1767,Object,Distractor,0.08835678350287483,0.06642149630984771,0.11111175460515144
1767,Object,Target,0.7282466802203644,0.6831043067806806,0.7749675876829998
1767,Bullseye,Center,0.10282142374533679,0.04335663204549074,0.17286994029521197
1767,Bullseye,Distractor,0.09349183676629329,0.050435961859195556,0.14140785297884478
1767,Bullseye,Target,0.8036867394883699,0.7192721812456866,0.8736982154696149
1800,ASL,Center,0.4138117029357288,0.34435274019278905,0.4795375206994015
1800,ASL,Distractor,0.09930792933782151,0.07326565835408716,0.12843328625664216
1800,ASL,Target,0.4868803677264497,0.4169304805853761,0.5584953863872695
1800,Face,Center,0.3833290714918037,0.301169475841496,0.461476833642686
1800,Face,Distractor,0.09450866381497186,0.061343163062033995,0.13095048983739
1800,Face,Target,0.5221622646932245,0.4378042862226783,0.6059496277680294
1800,Object,Center,0.19965588429421044,0.16117682745906914,0.2460157698448539
1800,Object,Distractor,0.08803357854866302,0.06469276174100069,0.11498956078748634
1800,Object,Target,0.7123105371571266,0.6680749550309193,0.7612645309859026
1800,Bullseye,Center,0.10992702830159924,0.047181003439495287,0.18952318684485803
1800,Bullseye,Distractor,0.0942676812921378,0.0506772077560121,0.13870924949899133
1800,Bullseye,Target,0.7958052904062629,0.7118217957909748,0.8616726393918184
1833,ASL,Center,0.41111800761245504,0.3502244442292438,0.4702560537850659
1833,ASL,Distractor,0.10102088494705266,0.0721241912386582,0.1281511128109762
1833,ASL,Target,0.48786110744049227,0.42189307130130255,0.5630872157751314
1833,Face,Center,0.38562511333409166,0.29988980955118727,0.4823952446117694
1833,Face,Distractor,0.0980401779163389,0.0629603457544634,0.13317359390695302
1833,Face,Target,0.5163347087495694,0.4299077757969012,0.6028780279389799
1833,Object,Center,0.20557976272486134,0.15922873132071355,0.25839460654124574
1833,Object,Distractor,0.08960187233348156,0.06766611613734376,0.11556049998814205
1833,Object,Target,0.7048183649416571,0.6628035813586894,0.7551459143728976
1833,Bullseye,Center,0.12110308999575303,0.05305553730689601,0.1975306129558847
1833,Bullseye,Distractor,0.10213913275733928,0.0494637911341376,0.16049108138238566
1833,Bullseye,Target,0.7767577772469076,0.6742854173302542,0.8547379699859319
1867,ASL,Center,0.4147150806610879,0.3540740027285513,0.48254945924546644
1867,ASL,Distractor,0.09986466276771783,0.07008827069714471,0.1282031538863435
1867,ASL,Target,0.48542025657119425,0.4084403279937725,0.5605747443919705
1867,Face,Center,0.39191013664697877,0.30454795813348445,0.47583746297562085
1867,Face,Distractor,0.1071956004521794,0.07334287651310677,0.1443018178215546
1867,Face,Target,0.5008942629008418,0.4161370966387414,0.5830274972955893
1867,Object,Center,0.21551632250170075,0.16668265826310735,0.2637498323421037
1867,Object,Distractor,0.08667956917355389,0.06539069947395953,0.10999555362069242
1867,Object,Target,0.6978041083247454,0.6466660796704913,0.7423362438961285
1867,Bullseye,Center,0.14195091047592645,0.07399261760657821,0.21968085333384638
1867,Bullseye,Distractor,0.10213913275733928,0.05259465704132824,0.15892539968711838
1867,Bullseye,Target,0.7559099567667342,0.658730827782618,0.8299539317668514
1900,ASL,Center,0.41193107818107816,0.34627955031080027,0.47832037753912754
1900,ASL,Distractor,0.10306170681170682,0.07519194347319347,0.13383537296037296
1900,ASL,Target,0.485007215007215,0.4102615231990232,0.5604341977466978
1900,Face,Center,0.41021612210197483,0.33361330732839345,0.49610395326432133
1900,Face,Distractor,0.10737746945177286,0.07007671717472413,0.1476170000879753
1900,Face,Target,0.4824064084462523,0.404329818888411,0.5561246534440268
1900,Object,Center,0.22580341108802207,0.17824650928293428,0.2764930299003673
1900,Object,Distractor,0.0818562856618113,0.05617263087191745,0.10596991699577847
1900,Object,Target,0.6923403032501666,0.6407397320333175,0.7478225795743578
1900,Bullseye,Center,0.1484576798503429,0.06160852858644979,0.22766607383030615
1900,Bullseye,Distractor,0.09438768281838934,0.046838689937025536,0.1392177483974359
1900,Bullseye,Target,0.7571546373312678,0.6556419272530006,0.8319065657696771
1933,ASL,Center,0.4054096066638511,0.3406134752717414,0.4747701361060338
1933,ASL,Distractor,0.10814387908827637,0.07669539051897922,0.1408447920865684
1933,ASL,Target,0.4864465142478725,0.41135222226839374,0.5527882465876418
1933,Face,Center,0.4079046609135618,0.3283336905719839,0.48685583438534286
1933,Face,Distractor,0.1156911441886287,0.08088534529142598,0.1558747180993456
1933,Face,Target,0.47640419489780944,0.40101482240776937,0.5521369687056364
1933,Object,Center,0.22495807651670655,0.17522490506945326,0.2741981023711625
1933,Object,Distractor,0.0881051290900362,0.06594406052968359,0.11254388936441953
1933,Object,Target,0.6869367943932573,0.6390684820694011,0.7330646739902255
1933,Bullseye,Center,0.15348456999236462,0.0766772201863735,0.23728077079111298
1933,Bullseye,Distractor,0.09471010345330998,0.043071123943236714,0.146942117118238
1933,Bullseye,Target,0.7518053265543254,0.6413233994266603,0.8374751471850835
1967,ASL,Center,0.3969091288828131,0.3250922017797018,0.47050272145008987
1967,ASL,Distractor,0.113289115043501,0.08336700336700337,0.14110320202864063
1967,ASL,Target,0.48980175607368587,0.4138948112073112,0.5650752048471347
1967,Face,Center,0.4169876983449638,0.33625995119487684,0.5051500387219781
1967,Face,Distractor,0.11995379742090269,0.08185971405543774,0.15877694202118542
1967,Face,Target,0.46305850423413353,0.38554252764779084,0.532090827745862
1967,Object,Center,0.22753552600743507,0.18167307840006364,0.27334226778656123
1967,Object,Distractor,0.09072198437658123,0.06717841578244224,0.11488478011818762
1967,Object,Target,0.6817424896159837,0.6283896538429965,0.7350708222271121
1967,Bullseye,Center,0.16248545762812067,0.07436121773757642,0.25245934140210635
1967,Bullseye,Distractor,0.09483907170727823,0.047406555457676386,0.14062430945413273
1967,Bullseye,Target,0.7426754706646012,0.6331199919871795,0.8224405108780108
200,ASL,Center,0.9814089614089614,0.9676368168868168,0.9937954545454546
200,ASL,Distractor,0.011554001554001554,7.196969696969718e-4,0.023246697746697742
200,ASL,Target,0.007037037037037037,0,0.017777777777777778
200,Face,Center,0.9358218360443592,0.9043817084582371,0.9626763235447688
200,Face,Distractor,0.038409365939358196,0.018254332983193275,0.06642059537630841
200,Face,Target,0.025768798016282537,0.009286747685185184,0.05221890766540534
200,Object,Center,0.7725857335174285,0.7241696722985906,0.8200947797311477
200,Object,Distractor,0.10742618481879318,0.07461125148286525,0.13440827959665033
200,Object,Target,0.11998808166377825,0.08146052619497376,0.16591598940866062
200,Bullseye,Center,0.6769786071416506,0.5725024814783646,0.7791979384217834
200,Bullseye,Distractor,0.18466027480973132,0.11569486672747542,0.26159474639943386
200,Bullseye,Target,0.13836111804861806,0.07442299887612387,0.20930226023976015
2e3,ASL,Center,0.39731231974653025,0.33018325315035835,0.46741489072574594
2e3,ASL,Distractor,0.11604301400354032,0.08266496180476443,0.14994243634046264
2e3,ASL,Target,0.4866446662499294,0.400561174571043,0.5617303510329825
2e3,Face,Center,0.42989658687788485,0.3516953182674038,0.5105909777618621
2e3,Face,Distractor,0.11738238058381248,0.08099708228433072,0.15956445926042484
2e3,Face,Target,0.4527210325383027,0.3695312022620333,0.5328046450897146
2e3,Object,Center,0.22736427429303321,0.1789858253491397,0.2772160170088769
2e3,Object,Distractor,0.0889777242722205,0.0628037741503404,0.11741467609185863
2e3,Object,Target,0.6836580014347463,0.6250983317911971,0.7386117819109042
2e3,Bullseye,Center,0.16874308888575193,0.08999101064997805,0.25669372294372295
2e3,Bullseye,Distractor,0.09437165717736369,0.048140096618357484,0.14878601621808143
2e3,Bullseye,Target,0.7368852539368844,0.6354340057210301,0.834225661114248
2033,ASL,Center,0.39873390075868487,0.335039245292848,0.46400300370925374
2033,ASL,Distractor,0.12355978579365676,0.09109030570683796,0.1595950856491179
2033,ASL,Target,0.4777063134476584,0.3878596685602877,0.5516749961105851
2033,Face,Center,0.4426087269498647,0.3586350332673862,0.5197017459315495
2033,Face,Distractor,0.11962436374684826,0.07484514556919258,0.15870152468038495
2033,Face,Target,0.437766909303287,0.3656936749288723,0.5079600540605764
2033,Object,Center,0.22794250050345252,0.17384996169443734,0.28494331936553297
2033,Object,Distractor,0.09403076337577111,0.06624706218596506,0.12195345651564207
2033,Object,Target,0.6780267361207764,0.6260119109852567,0.7338115380437846
2033,Bullseye,Center,0.18046183888575193,0.09773586995733735,0.2740377278216952
2033,Bullseye,Distractor,0.08838207384403036,0.042680027173913046,0.14207023162525878
2033,Bullseye,Target,0.7311560872702177,0.6317783081200201,0.8205700492894785
2067,ASL,Center,0.39256410527481844,0.3209177168225523,0.4679456459218456
2067,ASL,Distractor,0.13141983436674906,0.09313933748495909,0.17464512097350118
2067,ASL,Target,0.4760160603584325,0.39888622971860666,0.5638344959786189
2067,Face,Center,0.47713237198531316,0.40559789761608644,0.5590112707353418
2067,Face,Distractor,0.103388302014463,0.06504468774689363,0.1422744162048535
2067,Face,Target,0.41947932600022386,0.34644731062639345,0.4951448131546815
2067,Object,Center,0.22907076057327605,0.17803806826719462,0.2823005762539189
2067,Object,Distractor,0.0982262813725662,0.07349691402830914,0.12783036203455125
2067,Object,Target,0.6727029580541577,0.6204040831137387,0.7171636256115745
2067,Bullseye,Center,0.17459985190248348,0.09290945165945166,0.2546593757120073
2067,Bullseye,Distractor,0.09639463241436926,0.04131324404761905,0.14581923558897236
2067,Bullseye,Target,0.7290055156831472,0.6259651792834359,0.8260695120851371
2100,ASL,Center,0.4005027326404138,0.3371479777938111,0.4773433123505587
2100,ASL,Distractor,0.12223557172832535,0.08287524442144006,0.165865113348809
2100,ASL,Target,0.47726169563126086,0.39834164366229585,0.5537711757847628
2100,Face,Center,0.5040471102971102,0.4160006435557906,0.586730464864656
2100,Face,Distractor,0.0890724199547729,0.05344207807443101,0.12109759725568549
2100,Face,Target,0.4068804697481168,0.33224480176686055,0.4809675530079942
2100,Object,Center,0.22522110964090875,0.17500481329605583,0.2800128635816975
2100,Object,Distractor,0.09766809790357711,0.0677747620372553,0.12426897707070005
2100,Object,Target,0.6771107924555142,0.6322576340320738,0.7211048767835126
2100,Bullseye,Center,0.17456779331779332,0.10541925088800089,0.255137588106338
2100,Bullseye,Distractor,0.10556700244200244,0.05582932692307692,0.1605919948107448
2100,Bullseye,Target,0.7198652042402043,0.6252755491036741,0.8079672497641247
2133,ASL,Center,0.4133376052077425,0.33874284910995434,0.4798213833485143
2133,ASL,Distractor,0.11639325971934668,0.07292281746031745,0.16185632907752473
2133,ASL,Target,0.4702691350729108,0.38983636327440674,0.5432540216029204
2133,Face,Center,0.5096341291290981,0.41894096097293654,0.5964212549987995
2133,Face,Distractor,0.1013717130106449,0.06397912752595415,0.13819072532501325
2133,Face,Target,0.38899415786025693,0.31373426372604,0.4743118439330707
2133,Object,Center,0.2355947120064094,0.17675202644353522,0.28506106332229675
2133,Object,Distractor,0.09537956668374625,0.07038077415897656,0.12451930985251418
2133,Object,Target,0.6690257213098444,0.6184486205448692,0.7225194578967084
2133,Bullseye,Center,0.1815040394785103,0.10047856732639342,0.2641374201773944
2133,Bullseye,Distractor,0.1052677065259302,0.062180631115047236,0.1552578975985637
2133,Bullseye,Target,0.7132282539955594,0.6155657301774471,0.8003548834425014
2167,ASL,Center,0.4103193175547985,0.348420875508591,0.4820283835606317
2167,ASL,Distractor,0.12670295718934557,0.08483636662792743,0.18391829143079141
2167,ASL,Target,0.4629777252558559,0.3793853679542881,0.5433266307652991
2167,Face,Center,0.5198026690446599,0.43148753771733606,0.6035179326338866
2167,Face,Distractor,0.09959119946605645,0.06767002140768588,0.13949827013185134
2167,Face,Target,0.38060613148928363,0.2984244110120111,0.462890353343818
2167,Object,Center,0.23730900648386177,0.18403620334003168,0.28923474299229995
2167,Object,Distractor,0.10020802769641779,0.07294557377606914,0.13177333782166406
2167,Object,Target,0.6624829658197204,0.61586576882664,0.716750103369227
2167,Bullseye,Center,0.18353474725757335,0.09258083402105141,0.2697757198266709
2167,Bullseye,Distractor,0.0976304945054945,0.05242979242979243,0.1470907738095238
2167,Bullseye,Target,0.7188347582369321,0.6008277972782049,0.8216007950382949
2200,ASL,Center,0.4132828348869539,0.344038982543645,0.4851719256969828
2200,ASL,Distractor,0.13159645077780088,0.08242202205530294,0.1855271707967217
2200,ASL,Target,0.4551207143352452,0.3774932931940083,0.5326690669705114
2200,Face,Center,0.518843595223744,0.42480602962779024,0.6120542725215923
2200,Face,Distractor,0.1075015609126021,0.07095714641373967,0.15084755069147943
2200,Face,Target,0.37365484386365394,0.28617601726976727,0.44842000732232423
2200,Object,Center,0.247758741325044,0.2019797491195875,0.30241403162055336
2200,Object,Distractor,0.10287741970791506,0.07434099034350583,0.1366565997212282
2200,Object,Target,0.649363838967041,0.5972803312283411,0.6967944557063603
2200,Bullseye,Center,0.1982565193091509,0.10960963378726538,0.2990766193480009
2200,Bullseye,Distractor,0.0929024618169355,0.0463893742100979,0.13481770833333334
2200,Bullseye,Target,0.7088410188739136,0.5943995720105918,0.8197958291708292
2233,ASL,Center,0.41134346348683914,0.33794980763002536,0.4815718306194713
2233,ASL,Distractor,0.13915094356473667,0.08805527433932606,0.19717113296983987
2233,ASL,Target,0.4495055929484242,0.3707591686091686,0.526697364067169
2233,Face,Center,0.5298259336910652,0.4402284362810679,0.6119861500433046
2233,Face,Distractor,0.10249908169316065,0.06378925761738262,0.1464207990626576
2233,Face,Target,0.3676749846157741,0.28800718074566756,0.45336155042569515
2233,Object,Center,0.25105025972479533,0.20419098614824718,0.2990222390054046
2233,Object,Distractor,0.10425985521186759,0.07612219844461524,0.1367189559558948
2233,Object,Target,0.644689885063337,0.5964658497140114,0.6958418556525174
2233,Bullseye,Center,0.2024908766756593,0.11683671602149863,0.3034197255291004
2233,Bullseye,Distractor,0.09897137006512007,0.04847851006054131,0.15261047040343914
2233,Bullseye,Target,0.6985377532592206,0.584624622339466,0.7994850736647611
2267,ASL,Center,0.4111020112785677,0.33797747130868727,0.48697649334520043
2267,ASL,Distractor,0.14220558040598677,0.09021106585909217,0.21897815037481794
2267,ASL,Target,0.4466924083154455,0.36907823378299737,0.5237455735074491
2267,Face,Center,0.5389880963120127,0.4556516839498651,0.627306108037774
2267,Face,Distractor,0.10485667278914183,0.0659885915973861,0.14672666384111815
2267,Face,Target,0.35615523089884543,0.2734480702520805,0.44653239021309354
2267,Object,Center,0.2633119506697293,0.21173077678040914,0.3115720404976644
2267,Object,Distractor,0.09862026604286667,0.06942725376135302,0.13111675811288814
2267,Object,Target,0.638067783287404,0.5833757608812755,0.6983064472372957
2267,Bullseye,Center,0.20375625531875532,0.11775584947459947,0.29718545921670925
2267,Bullseye,Distractor,0.09857072903947904,0.055776742788461536,0.13967898637820508
2267,Bullseye,Target,0.6976730156417656,0.5922644412878788,0.7892131884319384
2300,ASL,Center,0.41028870217276014,0.3404635363418258,0.486675634562982
2300,ASL,Distractor,0.14789218038931998,0.10256128795509516,0.20212203587739913
2300,ASL,Target,0.44181911743791985,0.3680997340318946,0.506797856876399
2300,Face,Center,0.545385732223,0.45292230412042234,0.6323151311461586
2300,Face,Distractor,0.10295400441491773,0.06953149735451883,0.13572573308399546
2300,Face,Target,0.3516602633620822,0.2633936903014641,0.44570288876947645
2300,Object,Center,0.26151764482937084,0.20554946620448264,0.304387941709778
2300,Object,Distractor,0.10061070615830678,0.06799939753229227,0.1310974601379013
2300,Object,Target,0.6378716490123224,0.5884008884589138,0.6884035893962848
2300,Bullseye,Center,0.21159089600701442,0.10814725277615903,0.30407709238404135
2300,Bullseye,Distractor,0.09527482903305272,0.05597849416208791,0.1327346456920881
2300,Bullseye,Target,0.6931342749599329,0.5891485619795652,0.7857428310450514
233,ASL,Center,0.9786700336700337,0.9611477272727272,0.9935185185185185
233,ASL,Distractor,0.011515151515151515,0.0015151515151515152,0.024664141414141395
233,ASL,Target,0.009814814814814814,0,0.02148148148148148
233,Face,Center,0.9315056175979164,0.8968397249250577,0.9637277547166527
233,Face,Distractor,0.04255197327468999,0.02067784926470588,0.07197883713061247
233,Face,Target,0.025942409127393647,0.007517361111111111,0.047606979560830175
233,Object,Center,0.7204726325875707,0.6725991821001496,0.774107921962798
233,Object,Distractor,0.1343594455939657,0.10098105998855805,0.1662963859057609
233,Object,Target,0.1451679218184636,0.10034124494786259,0.19466737786314992
233,Bullseye,Center,0.6097762857613401,0.5057548762567444,0.7083165150632882
233,Bullseye,Distractor,0.22482433025911286,0.153172196538365,0.3017591530601041
233,Bullseye,Target,0.165399383979547,0.09872022461611456,0.23969808356272349
2333,ASL,Center,0.4146233006759322,0.339641081871345,0.4921259018759019
2333,ASL,Distractor,0.151723074683601,0.1037280555093055,0.21216762751137747
2333,ASL,Target,0.43365362464046675,0.361701766983017,0.5055736525292446
2333,Face,Center,0.5536524411242576,0.4623913348206238,0.6319531295092862
2333,Face,Distractor,0.10032781414423458,0.06502136769490635,0.13566201069738196
2333,Face,Target,0.34601974473150776,0.27396734870231365,0.41944014679010133
2333,Object,Center,0.2664118795291396,0.21697783384647257,0.31641611554295374
2333,Object,Distractor,0.0995674178762414,0.06855522000466853,0.13264049966577535
2333,Object,Target,0.634020702594619,0.579066199887359,0.6928794747456706
2333,Bullseye,Center,0.20705602115963959,0.12831169770622897,0.3098646939683123
2333,Bullseye,Distractor,0.08660667427114796,0.04355150027847396,0.12779922562817297
2333,Bullseye,Target,0.7063373045692125,0.5998319876928019,0.8012654937654937
2367,ASL,Center,0.4194516367323385,0.34907285996978976,0.49960874387957716
2367,ASL,Distractor,0.1425395202588185,0.09229302680344348,0.1990663591809425
2367,ASL,Target,0.438008843008843,0.3669205377955378,0.5144785302416881
2367,Face,Center,0.5542842197054153,0.47213968656393923,0.6411586738166222
2367,Face,Distractor,0.09685158591408591,0.0587516360953861,0.13652504324379322
2367,Face,Target,0.3488641943804987,0.2683858234911224,0.43540960209778135
2367,Object,Center,0.27301984200010515,0.22079757555127622,0.3163449896390589
2367,Object,Distractor,0.10020920556911268,0.06946167318180185,0.14217796781445674
2367,Object,Target,0.6267709524307822,0.5683417471009382,0.6793120977803156
2367,Bullseye,Center,0.2056832619743804,0.11610985867050834,0.30872550249914554
2367,Bullseye,Distractor,0.08591986108433476,0.04189560439560439,0.12997511138958506
2367,Bullseye,Target,0.7083968769412848,0.5984561897349727,0.7999635495626449
2400,ASL,Center,0.4228592065758351,0.350996804942028,0.5001198703124713
2400,ASL,Distractor,0.13705226346244653,0.09110023421150423,0.19169924570460897
2400,ASL,Target,0.4400885299617184,0.37441003648528914,0.5148759975060747
2400,Face,Center,0.5573228476428773,0.47339475252472457,0.6425492538004527
2400,Face,Distractor,0.09552171016049903,0.05796042643698894,0.1389689389641856
2400,Face,Target,0.3471554421966237,0.2615843053086931,0.423751173727996
2400,Object,Center,0.2912237428937834,0.242000803683496,0.3396691258583971
2400,Object,Distractor,0.10286740660043828,0.06506623519349763,0.14517259073254546
2400,Object,Target,0.6059088505057784,0.5459613550364324,0.6617179059187572
2400,Bullseye,Center,0.20558411495911497,0.11234114771224146,0.30509301534692157
2400,Bullseye,Distractor,0.09575479497354497,0.05641741071428571,0.13400917658730155
2400,Bullseye,Target,0.69866109006734,0.5879899065055315,0.7858865346170033
2433,ASL,Center,0.42247955243473934,0.3460154204842182,0.49368008241334893
2433,ASL,Distractor,0.1387684782869756,0.09072750299147134,0.19932242586318671
2433,ASL,Target,0.4387519692782851,0.36785532737349097,0.5112178505186228
2433,Face,Center,0.5613156781349001,0.48618556683273495,0.6383037643664073
2433,Face,Distractor,0.09541439919729393,0.055507481827383146,0.13709395319592688
2433,Face,Target,0.343269922667806,0.26579230629448736,0.42109967049540836
2433,Object,Center,0.30645434804758453,0.2540871972245513,0.36425181618501457
2433,Object,Distractor,0.09954643453095464,0.06434081441434383,0.144159182893703
2433,Object,Target,0.5939992174214608,0.5335266047977407,0.6535148582662871
2433,Bullseye,Center,0.20589293825786792,0.114970940643495,0.3052752133565052
2433,Bullseye,Distractor,0.09888068300991894,0.05750955405561983,0.1391064802657174
2433,Bullseye,Target,0.6952263787322132,0.5846936590944843,0.791212778421508
2467,ASL,Center,0.43012197273162184,0.35670764055632476,0.5112524758988575
2467,ASL,Distractor,0.14027979411751343,0.09413246366206893,0.19856934916529212
2467,ASL,Target,0.4295982331508647,0.35740000971250974,0.4912307742209058
2467,Face,Center,0.5648207835314528,0.48621246192586653,0.6504518481018409
2467,Face,Distractor,0.09852776974487501,0.059974830237988136,0.14348114376486087
2467,Face,Target,0.33665144672367214,0.26531017736064577,0.41153517786124694
2467,Object,Center,0.31860313605669643,0.26200882984261464,0.36922340516380764
2467,Object,Distractor,0.09203455070328136,0.06093355582326171,0.12977546554752434
2467,Object,Target,0.5893623132400222,0.5330861230774155,0.6511785593577388
2467,Bullseye,Center,0.21074821658461365,0.12793323642588347,0.3131546541438545
2467,Bullseye,Distractor,0.10123634365362306,0.06160704614863623,0.1428238309212574
2467,Bullseye,Target,0.6880154397617633,0.5780540546395325,0.7805424407768158
2500,ASL,Center,0.4330020750854084,0.3549459518105351,0.5158190127773461
2500,ASL,Distractor,0.14146170187836854,0.09211432086432086,0.19437244507036172
2500,ASL,Target,0.425536223036223,0.3630994352869353,0.4921920533170533
2500,Face,Center,0.5666950845543607,0.48608460789844554,0.6427338620263885
2500,Face,Distractor,0.10350029836291447,0.06652407876745145,0.14140749434818706
2500,Face,Target,0.32980461708272485,0.26505959295093834,0.4054055633415974
2500,Object,Center,0.32841284895940764,0.27353279826710997,0.3901930659496448
2500,Object,Distractor,0.09096672558211019,0.05876959845709846,0.13069866831886062
2500,Object,Target,0.5806204254584821,0.5194079318117779,0.6370834656234453
2500,Bullseye,Center,0.20213226656241362,0.11115562244468495,0.30342539685600345
2500,Bullseye,Distractor,0.10103888486241427,0.06258935917024153,0.14150916723527016
2500,Bullseye,Target,0.6968288485751721,0.5967992749012969,0.785166847041847
2533,ASL,Center,0.4368118065563325,0.3585500258301849,0.5099499078252682
2533,ASL,Distractor,0.1399982855939804,0.0904969185403968,0.2081866072558208
2533,ASL,Target,0.4231899078496871,0.35404066281156066,0.4910285423609559
2533,Face,Center,0.566312902497113,0.4947566669441669,0.6445359644440527
2533,Face,Distractor,0.11118130450560791,0.07213925375593333,0.15186628745065275
2533,Face,Target,0.32250579299727905,0.25489908784026427,0.38487791562868956
2533,Object,Center,0.3288599021928386,0.27360376682075305,0.3899017580397075
2533,Object,Distractor,0.09113274749735811,0.06002277040180409,0.12439433848095134
2533,Object,Target,0.5800073503098032,0.5147513898568465,0.6404241895247194
2533,Bullseye,Center,0.202691348003848,0.11443272005772007,0.3023795995670995
2533,Bullseye,Distractor,0.10122354497354497,0.06166501322751322,0.13962632275132275
2533,Bullseye,Target,0.6960851070226071,0.5883418447871573,0.7880034534331408
2567,ASL,Center,0.45013450476551164,0.36724328872405243,0.5322651272497525
2567,ASL,Distractor,0.1386918728995388,0.08766782784975005,0.2003498592844988
2567,ASL,Target,0.4111736223349496,0.34975870903187833,0.47324523344059954
2567,Face,Center,0.5581644734121515,0.4767689091953798,0.6380773192450824
2567,Face,Distractor,0.12382197767259687,0.07920552425873634,0.1719471309743175
2567,Face,Target,0.3180135489152517,0.24293393568935362,0.3867390578690888
2567,Object,Center,0.3253502832450201,0.2629212149935834,0.3824990372687741
2567,Object,Distractor,0.08896094159252053,0.058636890643469594,0.11853113504429294
2567,Object,Target,0.5856887751624593,0.516419391402944,0.6450414832487201
2567,Bullseye,Center,0.19805255338343572,0.11432900568929981,0.2978733718623424
2567,Bullseye,Distractor,0.10277291472144413,0.06807532387955181,0.1371841201758481
2567,Bullseye,Target,0.6991745318951201,0.587434384447252,0.792790263249822
2600,ASL,Center,0.45636523239593413,0.3653074969418171,0.5319278767853328
2600,ASL,Distractor,0.13807172765506098,0.08822232358690693,0.19379620263995265
2600,ASL,Target,0.40556303994900483,0.33802284541319627,0.47267390918048807
2600,Face,Center,0.564989681280989,0.49331298175502475,0.6371088310170212
2600,Face,Distractor,0.12633872029673113,0.08511599273547803,0.17863314186154255
2600,Face,Target,0.30867159842227987,0.242058198444068,0.3728778001126388
2600,Object,Center,0.32270488622893956,0.2673588045015766,0.39080463342281635
2600,Object,Distractor,0.08983081761719533,0.05884725013691732,0.12460991146652911
2600,Object,Target,0.5874642961538651,0.5222183222550869,0.659611212963648
2600,Bullseye,Center,0.19321083838547073,0.10639743566788604,0.2798753361885255
2600,Bullseye,Distractor,0.09969211242189183,0.0624968394809847,0.13697843720821662
2600,Bullseye,Target,0.7070970491926374,0.5955527224001489,0.7973651261932511
2633,ASL,Center,0.46328054516746353,0.38897714887434093,0.5373908535739198
2633,ASL,Distractor,0.14004769854407537,0.0930294036344761,0.2045845263331676
2633,ASL,Target,0.3966717562884611,0.32436468237669613,0.4588933502720688
2633,Face,Center,0.55556932870291,0.47356256956094267,0.6360063736512713
2633,Face,Distractor,0.13251440628085365,0.08988331881629578,0.1879990904106858
2633,Face,Target,0.3119162650162364,0.24113333901100278,0.38084565733682574
2633,Object,Center,0.3269091837352137,0.2635928694909256,0.39079447066080786
2633,Object,Distractor,0.08836628054894309,0.057992369043065636,0.1224870720381556
2633,Object,Target,0.5847245357158432,0.5181404948476721,0.6481502277700777
2633,Bullseye,Center,0.19183334027084026,0.09989946034867911,0.29067278641497385
2633,Bullseye,Distractor,0.10439846611721612,0.07045320131257632,0.14015448527167274
2633,Bullseye,Target,0.7037681936119436,0.5853142343767344,0.8007800966394716
2667,ASL,Center,0.4647544026939527,0.3872102963982016,0.5428480494859689
2667,ASL,Distractor,0.14233359004049317,0.0984880345653372,0.2003244764018505
2667,ASL,Target,0.39291200726555414,0.33026718408297356,0.4613077889459468
2667,Face,Center,0.5595095485222016,0.4839635078344917,0.6377241438480648
2667,Face,Distractor,0.13370970739581084,0.08404333334800088,0.18943325751917922
2667,Face,Target,0.3067807440819875,0.2370724819827681,0.3833142130772931
2667,Object,Center,0.3275411748113582,0.2696386471825565,0.3905064934426091
2667,Object,Distractor,0.09102238777161378,0.0597681436497226,0.12668552093474694
2667,Object,Target,0.581436437417028,0.5099615193171695,0.6473217296510789
2667,Bullseye,Center,0.18314229173604174,0.09465434088480963,0.2779768842268842
2667,Bullseye,Distractor,0.10388907967032966,0.06376714648199022,0.1387429887820512
2667,Bullseye,Target,0.7129686285936286,0.6023035905067156,0.8112106469918969
267,ASL,Center,0.9786700336700337,0.962648569023569,0.9929629629629629
267,ASL,Distractor,0.011515151515151515,0.0015151515151515152,0.0249810606060606
267,ASL,Target,0.009814814814814814,0,0.021305555555555546
267,Face,Center,0.9244857032444107,0.8833745682117877,0.9591346933510245
267,Face,Distractor,0.04486567765882781,0.020261199431695756,0.0749275372612495
267,Face,Target,0.03064861909676151,0.012110566448801744,0.05637696160335478
267,Object,Center,0.6688243342055261,0.6147377580011577,0.7249680307276574
267,Object,Distractor,0.17265874347530694,0.13960678780391436,0.20815424547395328
267,Object,Target,0.1585169223191669,0.11469351352981383,0.19663872802410437
267,Bullseye,Center,0.5572472881356353,0.44072885412399476,0.6643244548725286
267,Bullseye,Distractor,0.2438862222070342,0.1631845894363877,0.32677795927076614
267,Bullseye,Target,0.19886648965733045,0.12620997708888332,0.273804623585334
2700,ASL,Center,0.47565004228333746,0.4021180566615349,0.5574116504681436
2700,ASL,Distractor,0.13567760646421972,0.08927475740633636,0.19817422141328034
2700,ASL,Target,0.38867235125244276,0.3230604326229326,0.4600441291852905
2700,Face,Center,0.5576773826906332,0.47791351884448824,0.6393295123550078
2700,Face,Distractor,0.13290443270609678,0.08341345998128119,0.18911488954300482
2700,Face,Target,0.3094181846032701,0.23617078322747198,0.3792220262930591
2700,Object,Center,0.3179754543755548,0.25728475787498967,0.37886780150889354
2700,Object,Distractor,0.08912554417436533,0.06205036858257863,0.12060661095021953
2700,Object,Target,0.5928990014500799,0.526158308178144,0.6677206050710158
2700,Bullseye,Center,0.1894294941169941,0.1051802190864691,0.2816200509559884
2700,Bullseye,Distractor,0.10268143315018315,0.06592464610042736,0.13851870135073258
2700,Bullseye,Target,0.7078890727328228,0.5983774667173105,0.8055892198079697
2733,ASL,Center,0.4826705058336282,0.40723418594636684,0.5625015855329145
2733,ASL,Distractor,0.13830172572765093,0.08752482984698126,0.20490021563105087
2733,ASL,Target,0.3790277684387209,0.30643248231959963,0.44702650811437694
2733,Face,Center,0.5616261042710599,0.4790865545533748,0.6480639961909417
2733,Face,Distractor,0.1392127393748995,0.0926360518136834,0.1996337291600102
2733,Face,Target,0.29916115635404067,0.225753868368553,0.37055259149602787
2733,Object,Center,0.3187753353224946,0.24505271716847066,0.38090125443109646
2733,Object,Distractor,0.08579268422385831,0.05650016205304667,0.11450346928712313
2733,Object,Target,0.5954319804536471,0.5246867973550665,0.6704711994569019
2733,Bullseye,Center,0.1775502258498582,0.09778861240373189,0.2648458366932631
2733,Bullseye,Distractor,0.0930262088809883,0.05732516704598506,0.13075883037509872
2733,Bullseye,Target,0.7294235652691535,0.6162560526347292,0.8329074831418581
2767,ASL,Center,0.4872825604456828,0.4137837789876006,0.568854754185588
2767,ASL,Distractor,0.13113583606176127,0.07962033137862165,0.19518876291064946
2767,ASL,Target,0.3815816034925559,0.3129962607532836,0.4501156917400704
2767,Face,Center,0.566762981461923,0.48182846965875786,0.6506820948883305
2767,Face,Distractor,0.1477700922530728,0.10468678257195492,0.1932530940738535
2767,Face,Target,0.2854669262850041,0.22007878188030505,0.3573129934678847
2767,Object,Center,0.31762507750695934,0.2535475741637826,0.38146502790301584
2767,Object,Distractor,0.08261368261368261,0.054015151515151516,0.11137959262959263
2767,Object,Target,0.599761239879358,0.5293179057139971,0.6696286234016329
2767,Bullseye,Center,0.1777956310294739,0.09373970981217498,0.2699783759465938
2767,Bullseye,Distractor,0.09514087053512363,0.05724524771109524,0.1320151088121652
2767,Bullseye,Target,0.7270634984354025,0.6136170172545463,0.8324784620837252
2800,ASL,Center,0.4909372145465612,0.41012618133194356,0.5670580414955415
2800,ASL,Distractor,0.1301881946278498,0.08103294889178511,0.19831029658400345
2800,ASL,Target,0.378874590825589,0.30835341382755177,0.44527112508634736
2800,Face,Center,0.5759859593061825,0.49948666391029095,0.6572604921973844
2800,Face,Distractor,0.14538569546078128,0.09758938383357363,0.20705201046966631
2800,Face,Target,0.2786283452330363,0.21610370643372645,0.3524562384205548
2800,Object,Center,0.32382082710590016,0.25615404194923647,0.38558778630178914
2800,Object,Distractor,0.0825100338258233,0.0563139242580032,0.1153750367566157
2800,Object,Target,0.5936691390682766,0.5073571269252597,0.6605256693614266
2800,Bullseye,Center,0.17435082108795344,0.08602915819712695,0.27865168953289354
2800,Bullseye,Distractor,0.09481192316670257,0.06182618379884004,0.1347200871534511
2800,Bullseye,Target,0.730837255745344,0.6153434791991776,0.8365296300751263
2833,ASL,Center,0.49228867741118193,0.408562692189507,0.5766824344238137
2833,ASL,Distractor,0.12635966204931723,0.07773548219022358,0.19302563663986078
2833,ASL,Target,0.3813516605395008,0.3029915977222012,0.4608041730652892
2833,Face,Center,0.5822203206085206,0.5192032803704125,0.6596434434965497
2833,Face,Distractor,0.14388156359968685,0.10513455038832781,0.19515152952722353
2833,Face,Target,0.2738981157917926,0.2043767302670545,0.34663452484325497
2833,Object,Center,0.3202929549753845,0.26084155499535844,0.388794083046946
2833,Object,Distractor,0.08140599763902931,0.05746776743241675,0.10792811527964241
2833,Object,Target,0.5983010473855861,0.5312462339901229,0.6709597211035474
2833,Bullseye,Center,0.17752738988952224,0.10060678904428905,0.26321178706403875
2833,Bullseye,Distractor,0.09445568218546159,0.06013906525969945,0.13011179295071756
2833,Bullseye,Target,0.7280169279250162,0.6263717991567257,0.8312705480283605
2867,ASL,Center,0.4978430390272495,0.42022139227731337,0.5792542528134634
2867,ASL,Distractor,0.13247555368608,0.08130254613807245,0.18809016955266955
2867,ASL,Target,0.3696814072866704,0.2938255686808319,0.4504807065984697
2867,Face,Center,0.6010621854710477,0.5231200306079369,0.6775135034518499
2867,Face,Distractor,0.13739518135802967,0.09347982167847205,0.1814315386491518
2867,Face,Target,0.26154263317092263,0.19625244274612985,0.3379885017453951
2867,Object,Center,0.30804607241258825,0.24901405856179315,0.3799122958302227
2867,Object,Distractor,0.09052024411336151,0.06437094647367927,0.12042541906661339
2867,Object,Target,0.6014336834740502,0.5206450234255217,0.6798141092400141
2867,Bullseye,Center,0.15507903554778554,0.07970188665501166,0.2464767784299034
2867,Bullseye,Distractor,0.09632893148518148,0.0626476128038628,0.13304284040612163
2867,Bullseye,Target,0.7485920329670329,0.6396165466477967,0.8411365891053391
2900,ASL,Center,0.5016279723219867,0.42403708145903707,0.5816529109507051
2900,ASL,Distractor,0.1305977956416553,0.08280208911458911,0.18588709807898401
2900,ASL,Target,0.36777423203635795,0.28616448684327944,0.45657110192391415
2900,Face,Center,0.6213618313947261,0.5515460248663373,0.6965366970383418
2900,Face,Distractor,0.13055963894779685,0.07635096354668723,0.18561971669290747
2900,Face,Target,0.24807852965747704,0.1659294871794872,0.3252045980335454
2900,Object,Center,0.31239992201530664,0.2535012208360029,0.3757929168784432
2900,Object,Distractor,0.09704931291618597,0.06929690443428835,0.12752441651628954
2900,Object,Target,0.5905507650685073,0.5181339836061198,0.6609602864554935
2900,Bullseye,Center,0.14591944513819513,0.07156095857267733,0.23381314648892765
2900,Bullseye,Distractor,0.09122934357309358,0.055908056786963034,0.12608644610597736
2900,Bullseye,Target,0.7628512112887113,0.6642590352355977,0.8638765401265401
2933,ASL,Center,0.5059705528107511,0.4152348783110129,0.5832015234779345
2933,ASL,Distractor,0.12871110821263376,0.08737267377930993,0.18278463122746108
2933,ASL,Target,0.3653183389766151,0.2899709634420161,0.4413845186997933
2933,Face,Center,0.6443988881488881,0.5801673586829836,0.7041747922216672
2933,Face,Distractor,0.12433209151959151,0.07330638979076479,0.17915283501221002
2933,Face,Target,0.23126902033152033,0.15282675513144262,0.31898216945091945
2933,Object,Center,0.3099279279768682,0.24379838548985966,0.3697347262675317
2933,Object,Distractor,0.10423019246548658,0.07722793070219541,0.13495430699474814
2933,Object,Target,0.5858418795576452,0.5176255291764192,0.6504021789553315
2933,Bullseye,Center,0.14605729748192983,0.06511147400393724,0.2440110613191955
2933,Bullseye,Distractor,0.08868936516914458,0.05358370535714286,0.12405828906081662
2933,Bullseye,Target,0.7652533373489255,0.6525449466281268,0.8557626097860472
2967,ASL,Center,0.5085880944633805,0.4312782558466197,0.5869084065248252
2967,ASL,Distractor,0.1298033720241958,0.08329040243594019,0.1907478824622703
2967,ASL,Target,0.36160853351242367,0.28560282501632617,0.44466650184928214
2967,Face,Center,0.7223199254449254,0.6588198953823954,0.7944625571188071
2967,Face,Distractor,0.10858285233285234,0.06183527988215488,0.15384879298941798
2967,Face,Target,0.16909722222222223,0.1043204365079365,0.2520006613756613
2967,Object,Center,0.31086124972466955,0.25691188289463174,0.3696325346342463
2967,Object,Distractor,0.1052718648872495,0.072052631307439,0.13561243066050754
2967,Object,Target,0.583866885388081,0.5233645180989043,0.6543825968840109
2967,Bullseye,Center,0.15518783375440984,0.07528009053144924,0.24759483072407662
2967,Bullseye,Distractor,0.0879137330563961,0.0507154542506105,0.12316562020281449
2967,Bullseye,Target,0.756898433189194,0.6536844694028797,0.8539921120169083
300,ASL,Center,0.9763196063196063,0.9563196063196063,0.9916262626262626
300,ASL,Distractor,0.013865578865578865,0.0015151515151515152,0.029402583527583515
300,ASL,Target,0.009814814814814814,0,0.02223148148148147
300,Face,Center,0.918365594700103,0.8770198074642808,0.9543904532967034
300,Face,Distractor,0.046950751454427925,0.021733129683497332,0.07885622785438962
300,Face,Target,0.03468365384546903,0.015819146952259167,0.056213749086591144
300,Object,Center,0.6331472379314872,0.5757167199281412,0.6911126300734223
300,Object,Distractor,0.1924544462460484,0.15519265037132202,0.22964772382545212
300,Object,Target,0.17439831582246443,0.13291004722187,0.2191455999898579
300,Bullseye,Center,0.5168852522069434,0.4033187000652534,0.6228285915218359
300,Bullseye,Distractor,0.28183388506917917,0.20382234105763516,0.36413209829386295
300,Bullseye,Target,0.20128086272387744,0.12677892369068838,0.27085269548160174
3e3,ASL,Center,0.514033865744392,0.43258691174809594,0.5933315503940504
3e3,ASL,Distractor,0.1352340203655993,0.0897113725699252,0.19524824627127257
3e3,ASL,Target,0.35073211389000863,0.28078014724067357,0.4207594167528378
3e3,Face,Center,0.7786706349206349,0.7011855158730158,0.8566145833333333
3e3,Face,Distractor,0.11537698412698412,0.047003968253968256,0.17956597222222218
3e3,Face,Target,0.10595238095238095,0.047619047619047616,0.1672395833333333
3e3,Object,Center,0.3119873609186541,0.24761118610249355,0.3731665532323427
3e3,Object,Distractor,0.10135498030234871,0.07158623722768459,0.13311447568026508
3e3,Object,Target,0.5866576587789972,0.5239355897546836,0.6522267583973496
3e3,Bullseye,Center,0.15520113566988566,0.07731162067099567,0.24637052400724274
3e3,Bullseye,Distractor,0.07359524156399157,0.042534136870074374,0.1074534731761294
3e3,Bullseye,Target,0.7712036227661228,0.6527863412629038,0.8682684502997002
33,ASL,Center,1,1,1
33,ASL,Distractor,0,0,0
33,ASL,Target,0,0,0
33,Face,Center,1,1,1
33,Face,Distractor,0,0,0
33,Face,Target,0,0,0
33,Object,Center,1,1,1
33,Object,Distractor,0,0,0
33,Object,Target,0,0,0
33,Bullseye,Center,1,1,1
33,Bullseye,Distractor,0,0,0
33,Bullseye,Target,0,0,0
333,ASL,Center,0.9720826717565848,0.9506134104422148,0.9903124683287727
333,ASL,Distractor,0.01556737948042296,0.0029644268774703555,0.031011055369751017
333,ASL,Target,0.012349948762992242,0.0014492753623188406,0.025427097057531836
333,Face,Center,0.8903973032449695,0.8419559112141233,0.9341126333534622
333,Face,Distractor,0.0709281629318394,0.036844800420168064,0.11315472543183938
333,Face,Target,0.03867453382319111,0.02019122383252818,0.060579858150989846
333,Object,Center,0.6088394234978988,0.5473484514362271,0.6663873547843411
333,Object,Distractor,0.2067106412249601,0.1654566496589281,0.24936570659463947
333,Object,Target,0.18444993527714115,0.14497103585752483,0.23024369814213563
333,Bullseye,Center,0.49712210787578437,0.37224864596188123,0.6048629717402696
333,Bullseye,Distractor,0.29154145996976877,0.21662634750870047,0.3699788970986121
333,Bullseye,Target,0.21133643215444686,0.1403130232461574,0.2876125827297702
367,ASL,Center,0.9728590250329381,0.9512907334211682,0.9915458937198067
367,ASL,Distractor,0.015994729907773387,0.0029957180500658764,0.03178085199824329
367,ASL,Target,0.011146245059288538,0,0.026060606060606062
367,Face,Center,0.8737216527216023,0.818564300076438,0.92194170466305
367,Face,Distractor,0.07893590184611857,0.03799146047307812,0.12340359169983782
367,Face,Target,0.047342445432279195,0.023430273075413743,0.07124535578120134
367,Object,Center,0.5706735611524698,0.5182479748869552,0.6253498305342104
367,Object,Distractor,0.21926318059735242,0.18060739168382356,0.2661013425912323
367,Object,Target,0.21006325825017774,0.17090289389779037,0.2511593678213986
367,Bullseye,Center,0.4714763535076035,0.373908389787296,0.5694333964646464
367,Bullseye,Distractor,0.3086272234709735,0.22860645214160838,0.39717285535644903
367,Bullseye,Target,0.219896423021423,0.14142318185286934,0.2947436027514152
400,ASL,Center,0.9532541391780522,0.9195039803191978,0.982331213924964
400,ASL,Distractor,0.028145912058955537,0.007942687747035574,0.054490114957506254
400,ASL,Target,0.01859994876299224,0.004877264492753624,0.037274021922119746
400,Face,Center,0.8660175870647502,0.8084148599517845,0.9192856170031871
400,Face,Distractor,0.08194408217628031,0.035073260073260074,0.1377169431087774
400,Face,Target,0.05203833075896947,0.028565451078238803,0.07656318708968166
400,Object,Center,0.5386496276985828,0.4730806380796706,0.5959715996239312
400,Object,Distractor,0.2365219489832493,0.1920879397735048,0.2844006434929664
400,Object,Target,0.2248284233181679,0.1810268332029168,0.274373150883237
400,Bullseye,Center,0.45170653998779,0.35703868180430676,0.5655086645125708
400,Bullseye,Distractor,0.3139826897639398,0.23470816943473194,0.39595961980727606
400,Bullseye,Target,0.23431077024827024,0.14670571904946905,0.3030184861434861
433,ASL,Center,0.9476985836224967,0.9162390970543144,0.9768102034841164
433,ASL,Distractor,0.033701467614511094,0.010735478289826116,0.06350280516584864
433,ASL,Target,0.01859994876299224,0.004980525362318841,0.03681355218855219
433,Face,Center,0.8553679130588455,0.7923228764221149,0.9055817570798977
433,Face,Distractor,0.08171149026412185,0.040490258097166,0.13624846370734522
433,Face,Target,0.0629205966770326,0.037169889861626844,0.08769959107577097
433,Object,Center,0.5060716084526069,0.44145386520299446,0.5667764975258445
433,Object,Distractor,0.2614395934732622,0.21985955009687594,0.3076152723265726
433,Object,Target,0.2324887980741309,0.187627610161811,0.2813459175467205
433,Bullseye,Center,0.4205129021305492,0.31868062850140055,0.5388726020711314
433,Bullseye,Distractor,0.3303771255977138,0.2553791327136915,0.41220527447089944
433,Bullseye,Target,0.24910997227173698,0.15813558377896614,0.3279766038359788
467,ASL,Center,0.9391704450943581,0.9039079691946539,0.9663207503547178
467,ASL,Distractor,0.04089482980787329,0.016657208733295688,0.07048650443759139
467,ASL,Target,0.019934725097768575,0.004227053140096618,0.039894215838509314
467,Face,Center,0.8272058035989924,0.7567546021445015,0.8868308276977008
467,Face,Distractor,0.09125572462453267,0.05099077350238341,0.14319357706814165
467,Face,Target,0.08153847177647487,0.05229677376179892,0.11230115238290547
467,Object,Center,0.4607633650319409,0.40221190684745256,0.529413246714693
467,Object,Distractor,0.26997651192117134,0.21964019773119037,0.31952043847535333
467,Object,Target,0.26926012304688773,0.21928229896769466,0.3171783255954357
467,Bullseye,Center,0.37718731329944566,0.26423435592185596,0.488195345172597
467,Bullseye,Distractor,0.3598720774731804,0.2857754362671642,0.4376272007200316
467,Bullseye,Target,0.26294060922737394,0.1718768413979811,0.34649033513463656
500,ASL,Center,0.9397809457048587,0.9044469695461543,0.9677377784252784
500,ASL,Distractor,0.040284329197372674,0.014922652227000054,0.06711458167436428
500,ASL,Target,0.019934725097768575,0.004551414768806073,0.03731934380032206
500,Face,Center,0.8184685491380538,0.7452251171780002,0.8810915631997287
500,Face,Distractor,0.09317726190791206,0.04980592290334937,0.14402498831291397
500,Face,Target,0.08835418895403416,0.057806930520746314,0.11943969735330029
500,Object,Center,0.4377783450069844,0.3691850941255429,0.505567448960783
500,Object,Distractor,0.2847638577041929,0.2349096029804949,0.32937875277732803
500,Object,Target,0.27745779728882264,0.2258519231832409,0.3277991588439295
500,Bullseye,Center,0.3471553926057602,0.2451079233776844,0.44281970901341294
500,Bullseye,Distractor,0.37096587032248796,0.2989075265522876,0.4360592760742117
500,Bullseye,Target,0.28187873707175176,0.1847727652759822,0.372998141564318
533,ASL,Center,0.9341560150799281,0.8949690594228638,0.9672579094617137
533,ASL,Distractor,0.04313148204452552,0.017263222284961414,0.07288792849662412
533,ASL,Target,0.022712502875546353,0.003934933574879227,0.04714095209339774
533,Face,Center,0.8043567207073399,0.7380323138870932,0.865250514968491
533,Face,Distractor,0.10117853852373976,0.05919136247309622,0.15269803881404112
533,Face,Target,0.09446474076892034,0.06569295517147684,0.12498924315923154
533,Object,Center,0.40666718096574905,0.34900773637804405,0.4683926467839005
533,Object,Distractor,0.28988669698035024,0.24389041870582118,0.33395489629264785
533,Object,Target,0.3034461220539007,0.25556050190403423,0.35350348910688983
533,Bullseye,Center,0.3149898538961039,0.22573235141594516,0.4088989955357143
533,Bullseye,Distractor,0.3910281385281385,0.31172505749458873,0.4578454748376623
533,Bullseye,Target,0.29398200757575754,0.2043817584325397,0.3829284474206349
567,ASL,Center,0.9329858889098019,0.8877000955465629,0.9618839690904908
567,ASL,Distractor,0.044037057950101426,0.021145677792416925,0.06869724418093981
567,ASL,Target,0.022977053140096616,0.00561292270531401,0.04918931159420288
567,Face,Center,0.7991552212479069,0.7244476587600137,0.8642822674804339
567,Face,Distractor,0.10647317830947862,0.05923967831596508,0.16013656149492062
567,Face,Target,0.09437160044261438,0.0641431910184329,0.1270182833905502
567,Object,Center,0.35790581763008233,0.29968579107779475,0.4207762622842199
567,Object,Distractor,0.31448948239582913,0.26656161264346245,0.3545941377996573
567,Object,Target,0.32760469997408853,0.27299467722196535,0.3761079423296431
567,Bullseye,Center,0.30705546420113067,0.2127415317002077,0.38995820599059117
567,Bullseye,Distractor,0.37944535513113886,0.2974215659108483,0.4471688352854954
567,Bullseye,Target,0.3134991806677304,0.22904964989065568,0.39852406085762054
600,ASL,Center,0.9297395845605564,0.8942048875038004,0.9609849410559128
600,ASL,Distractor,0.04492225118823585,0.021297524891514662,0.07140607862346993
600,ASL,Target,0.025338164251207728,0.006359702093397746,0.04993719806763283
600,Face,Center,0.7958532065965772,0.723489663674034,0.8574243789300493
600,Face,Distractor,0.1095857838075835,0.06463402895049566,0.16260662243579693
600,Face,Target,0.09456100959583932,0.06498755991886797,0.1257554690715488
600,Object,Center,0.3562220213352179,0.29438785463923334,0.42368800888653824
600,Object,Distractor,0.3086489555336305,0.26124989961019374,0.3591233952397362
600,Object,Target,0.3351290231311516,0.27980621737331296,0.386463678937484
600,Bullseye,Center,0.2789310274568427,0.19022308073870575,0.36170238977507996
600,Bullseye,Distractor,0.3876198469404991,0.3043965595847389,0.4733581180104618
600,Bullseye,Target,0.3334491256026582,0.25309735921913235,0.4184044589920948
633,ASL,Center,0.9169493167862733,0.883540512175023,0.9515643044556088
633,ASL,Distractor,0.052811124061124065,0.02867020942020942,0.08210659248159247
633,ASL,Target,0.03023955915260263,0.011197291235334712,0.05524477696216826
633,Face,Center,0.78115748547187,0.7041914185047409,0.8384614824962353
633,Face,Distractor,0.11196624397635638,0.06254878907978248,0.16257590575886063
633,Face,Target,0.10687627055177365,0.07869904489305128,0.13299370856718962
633,Object,Center,0.31867352347228506,0.26400910969394537,0.3799455840476768
633,Object,Distractor,0.31694724660907087,0.27144217097435125,0.36264491915584435
633,Object,Target,0.3643792299186441,0.3134915881238666,0.4182199549825026
633,Bullseye,Center,0.2768871181035503,0.19663679151730623,0.35512359573371005
633,Bullseye,Distractor,0.3839269073584131,0.3037455021201625,0.47131505519602945
633,Bullseye,Target,0.33918597453803656,0.2494023593327761,0.41834430854471605
667,ASL,Center,0.9119520006295369,0.8719791428378385,0.9478192706045967
667,ASL,Distractor,0.054497753990507616,0.029486633937720892,0.08258916881561809
667,ASL,Target,0.033550245379955525,0.014364693562610227,0.0611639229161874
667,Face,Center,0.7575697277703352,0.6923825487320532,0.8174464979228406
667,Face,Distractor,0.12584384599250328,0.08150073389863191,0.1786716646199542
667,Face,Target,0.11658642623716153,0.08388674914410207,0.1468424661531279
667,Object,Center,0.2927284361020816,0.23674021721312744,0.35429763108086443
667,Object,Distractor,0.28468400783513015,0.23372574756040315,0.3321985938280201
667,Object,Target,0.42258755606278825,0.3671051381861173,0.4874186428359223
667,Bullseye,Center,0.2515712722949565,0.17907833622882963,0.3233679825291667
667,Bullseye,Distractor,0.38586699302159827,0.3114200382950383,0.47530505883918706
667,Bullseye,Target,0.3625617346834452,0.27692334050269907,0.46096880070769874
67,ASL,Center,1,1,1
67,ASL,Distractor,0,0,0
67,ASL,Target,0,0,0
67,Face,Center,1,1,1
67,Face,Distractor,0,0,0
67,Face,Target,0,0,0
67,Object,Center,0.9938541666666667,0.9858333333333333,1
67,Object,Distractor,0.0015625,0,0.0046875
67,Object,Target,0.004583333333333333,0,0.011666666666666667
67,Bullseye,Center,0.9494581807081807,0.9092342032967033,0.984375
67,Bullseye,Distractor,0.016960470085470084,0.004807692307692308,0.034722222222222224
67,Bullseye,Target,0.033581349206349205,0.007886904761904765,0.06479786706349203
700,ASL,Center,0.8917460333273364,0.8530580222646365,0.9249170486734342
700,ASL,Distractor,0.05379767739775816,0.0296247347423818,0.079785258260196
700,ASL,Target,0.054456289274905506,0.031066221472711243,0.08403177070196517
700,Face,Center,0.7419381006255501,0.6723402373277809,0.8039654940040202
700,Face,Distractor,0.1290110581090188,0.08422309146122706,0.1826251372595724
700,Face,Target,0.12905084126543104,0.09657670642481014,0.16259802390788747
700,Object,Center,0.26955712072585136,0.2126777792050141,0.325146266535537
700,Object,Distractor,0.2827740259396606,0.24021072922712822,0.32727356035079036
700,Object,Target,0.447668853334488,0.3872264373751893,0.5064837431794427
700,Bullseye,Center,0.23653746172128526,0.16274433593367416,0.31385634943079793
700,Bullseye,Distractor,0.35723162662500896,0.28531661047286044,0.42275362913230563
700,Bullseye,Target,0.4062309116537058,0.3119901263972955,0.49884176969884686
733,ASL,Center,0.8882382082698155,0.8519602206212871,0.9255916782525715
733,ASL,Distractor,0.05261362459350075,0.030730106005106006,0.07764736108404838
733,ASL,Target,0.059148167136683714,0.031240579305480368,0.0891612826811814
733,Face,Center,0.7263849261956342,0.6617835442206572,0.793386506056343
733,Face,Distractor,0.13173576163190345,0.08550593253838139,0.17966752064538188
733,Face,Target,0.14187931217246233,0.10989944882867678,0.17301425595119962
733,Object,Center,0.2434674810913201,0.18232430353981244,0.3034088399775319
733,Object,Distractor,0.28713143044605893,0.2488794151002936,0.3247900743853239
733,Object,Target,0.46940108846262096,0.41498126502625343,0.5261832260232028
733,Bullseye,Center,0.2154463132863868,0.14318409174567262,0.2908101547910831
733,Bullseye,Distractor,0.35538269430732666,0.28609565041780116,0.424405196519167
733,Bullseye,Target,0.42917099240628653,0.34306996516555344,0.5204296642899584
767,ASL,Center,0.8632497697807295,0.8169699438132101,0.9032714298458107
767,ASL,Distractor,0.057580944854938663,0.033918015292241296,0.08446348324877737
767,ASL,Target,0.0791692853643318,0.0522943178653705,0.11099481025796815
767,Face,Center,0.680248287779584,0.61400779318431,0.7571356684396167
767,Face,Distractor,0.14788413871778053,0.09661376507124589,0.21507381863564135
767,Face,Target,0.17186757350263543,0.1382763354582724,0.20579614109195185
767,Object,Center,0.2178414887915662,0.16905929167689038,0.27079333150724405
767,Object,Distractor,0.2761229396678313,0.2321320781901277,0.3161090919958954
767,Object,Target,0.5060355715406025,0.4540857270792933,0.5642135410223161
767,Bullseye,Center,0.21067212301587301,0.13682496279761905,0.2868102058531746
767,Bullseye,Distractor,0.3190798611111111,0.2500213913690476,0.37891555059523807
767,Bullseye,Target,0.47024801587301585,0.37262524801587305,0.5659263392857142
800,ASL,Center,0.8564296782408818,0.8163137167102417,0.8935881340604408
800,ASL,Distractor,0.05418215307971668,0.03159164201126444,0.07938320095435791
800,ASL,Target,0.08938816867940155,0.05869663079107805,0.12079878433772567
800,Face,Center,0.6570912325598354,0.5681998675868771,0.7390207734593597
800,Face,Distractor,0.14759440294042864,0.09373710903364016,0.21174103478872477
800,Face,Target,0.19531436449973602,0.1478465011313792,0.24154850768748792
800,Object,Center,0.21866382918337252,0.1696667703963563,0.2741350104117374
800,Object,Distractor,0.25578840137760417,0.21646323121323122,0.29641835370243363
800,Object,Target,0.5255477694390233,0.4713730701863926,0.5806811734017616
800,Bullseye,Center,0.20139535886818496,0.1323052536231884,0.2719856366459627
800,Bullseye,Distractor,0.2909851621808143,0.22376113375603865,0.3575965644409938
800,Bullseye,Target,0.5076194789510007,0.411127582600069,0.599951717779503
833,ASL,Center,0.8371275401571833,0.7921629449327197,0.8804555208396216
833,ASL,Distractor,0.06115095512025337,0.03512711176088369,0.08668987700895595
833,ASL,Target,0.1017215047225634,0.0656669017782032,0.13805297506472264
833,Face,Center,0.6287201875043863,0.5384111140202135,0.7076219513028177
833,Face,Distractor,0.1498820870199084,0.10444224260388112,0.20828857816407134
833,Face,Target,0.22139772547570535,0.17169772943899783,0.27365111555755905
833,Object,Center,0.1931993994997091,0.14853247084013338,0.237019774574196
833,Object,Distractor,0.25385128384257644,0.2197393802072111,0.2853148305754488
833,Object,Target,0.5529493166577145,0.5033798160849728,0.6128993068227782
833,Bullseye,Center,0.17862519425019424,0.11449798465423466,0.2417730793512043
833,Bullseye,Distractor,0.28842112748362747,0.2281590544871795,0.34915484688922177
833,Bullseye,Target,0.5329536782661782,0.4333747329059829,0.6377874122405371
867,ASL,Center,0.8185767329331403,0.7735187766033018,0.8620372901951849
867,ASL,Distractor,0.06515467003262579,0.03787426167498631,0.09409752127763185
867,ASL,Target,0.11626859703423395,0.07554008759271917,0.15680893213261157
867,Face,Center,0.5908406779530501,0.5008223720612827,0.6778800621799344
867,Face,Distractor,0.14581447653298676,0.09683434035416133,0.1987177576814525
867,Face,Target,0.26334484551396314,0.20519427876045523,0.3265549585218702
867,Object,Center,0.17956803666749488,0.13843872413706007,0.2240285188076887
867,Object,Distractor,0.2455824838216479,0.20594760589642555,0.28173865751444116
867,Object,Target,0.5748494795108572,0.5240338428797939,0.6217399321471012
867,Bullseye,Center,0.17463439338439338,0.11640012765012765,0.24065007908757907
867,Bullseye,Distractor,0.27219846126096126,0.2043481691919192,0.3357322625291375
867,Bullseye,Target,0.5531671453546454,0.45894304046647794,0.6548904611013986
900,ASL,Center,0.8068266240371847,0.7613850804010932,0.8577633988940403
900,ASL,Distractor,0.06458795117643325,0.039782475787624526,0.0943189283366152
900,ASL,Target,0.12858542478638196,0.08729073695095947,0.17251846548457683
900,Face,Center,0.5485942978590037,0.45933102232734585,0.6353316697089675
900,Face,Distractor,0.1490218965402789,0.10116687081301051,0.19765302014842456
900,Face,Target,0.30238380560071737,0.23642038185466493,0.3640734581152779
900,Object,Center,0.17082603133880223,0.12944116075917544,0.21626726389473094
900,Object,Distractor,0.22523307349255492,0.18403286561756957,0.2592796689061927
900,Object,Target,0.6039408951686429,0.5530089084139974,0.6496251062802436
900,Bullseye,Center,0.15078654889796195,0.09400055888405073,0.2164450280245117
900,Bullseye,Distractor,0.26543535193671064,0.19395927579742117,0.3377921596255496
900,Bullseye,Target,0.5837780991653274,0.486985310036431,0.6778889543427586
933,ASL,Center,0.7804872506869748,0.7247282711581616,0.83527190385926
933,ASL,Distractor,0.07330607205321164,0.047703496292884166,0.09630784815023946
933,ASL,Target,0.14620667725981362,0.10345420298288283,0.19726179827037948
933,Face,Center,0.5065434912123143,0.4113474687149222,0.6023671517154352
933,Face,Distractor,0.1471553516451467,0.10459288375932607,0.1901281659020072
933,Face,Target,0.3463011571425389,0.28044322231140784,0.4152013388550734
933,Object,Center,0.16108293559725448,0.12387564896296514,0.19725357740707003
933,Object,Distractor,0.20055075976225356,0.16703989673520925,0.23359401513143288
933,Object,Target,0.6383663046404919,0.5920256606434287,0.6863068917908073
933,Bullseye,Center,0.13174780781877968,0.06599111995341614,0.20683802121392036
933,Bullseye,Distractor,0.25870372061868224,0.1921532081582633,0.33589113784100594
933,Bullseye,Target,0.6095484715625381,0.5039034831323834,0.7052781120600413
967,ASL,Center,0.7573143234287334,0.6994428779087171,0.8078211320069368
967,ASL,Distractor,0.0794471897074872,0.05376093709345998,0.10337443493450357
967,ASL,Target,0.16323848686377943,0.11225683177533814,0.21395464753723026
967,Face,Center,0.4811666881198026,0.3888782159934485,0.5708930040874531
967,Face,Distractor,0.14445116865424948,0.10804612296632589,0.17890826614758482
967,Face,Target,0.3743821432259479,0.29569770939133194,0.44552443338605463
967,Object,Center,0.1501681169492702,0.11570710973860161,0.19570296972764079
967,Object,Distractor,0.1789198180345626,0.14457108029998894,0.2105874025462841
967,Object,Target,0.6709120650161672,0.6218886172629401,0.7156650360894266
967,Bullseye,Center,0.1067483281318,0.04955874062531671,0.16956089240576133
967,Bullseye,Distractor,0.23713450960094182,0.1666843847666258,0.31008518016510345
967,Bullseye,Target,0.6561171622672581,0.5724318139878202,0.7498513503848382
